File,Function,LOC,SLOC-P,SLOC-L,MVG,BLOC,C&SLOC,CLOC,CWORD
C:\Users\Katlin\Desktop\VGp 201\TEST\VGP201\SGE\SGE.cpp,"WinMain(HINSTANCE hInstance, HINSTANCE prevInstance, PSTR cmdLine, int showCmd)",35,22,20,2,6,0,7,27,
C:\Users\Katlin\Desktop\VGp 201\TEST\VGP201\SGE\SGE.cpp,"IniFile_GetInt(const char* pTag, int iDefault)",2,2,2,1,0,0,0,0,
C:\Users\Katlin\Desktop\VGp 201\TEST\VGP201\SGE\SGE.cpp,"IniFile_GetBool(const char* pTag, bool bDefault)",2,2,2,1,0,0,0,0,
C:\Users\Katlin\Desktop\VGp 201\TEST\VGP201\SGE\SGE.cpp,"IniFile_GetFloat(const char* pTag, float fDefault)",2,2,2,1,0,0,0,0,
C:\Users\Katlin\Desktop\VGp 201\TEST\VGP201\SGE\SGE.cpp,"IniFile_GetString(const char* pTag, const char* pDefault)",2,2,2,1,0,0,0,0,
C:\Users\Katlin\Desktop\VGp 201\TEST\VGP201\SGE\SGE.cpp,"RandomInt(int iLower, int iUpper)",2,2,2,1,0,0,0,0,
C:\Users\Katlin\Desktop\VGp 201\TEST\VGP201\SGE\SGE.cpp,"RandomFloat(float fLower, float fUpper)",2,2,2,1,0,0,0,0,
C:\Users\Katlin\Desktop\VGp 201\TEST\VGP201\SGE\SGE.cpp,"RandomVector2(const SVector2& vLower, const SVector2& vUpper)",6,5,5,1,1,0,0,0,
C:\Users\Katlin\Desktop\VGp 201\TEST\VGP201\SGE\SGE.cpp,"Graphics_DebugLine(const SVector2& vStart, const SVector2& vEnd, unsigned int rgb)",2,2,2,0,0,0,0,0,
C:\Users\Katlin\Desktop\VGp 201\TEST\VGP201\SGE\SGE.cpp,"Graphics_DebugLine(const SLineSegment& rLineSegment, unsigned int rgb)",2,2,2,0,0,0,0,0,
C:\Users\Katlin\Desktop\VGp 201\TEST\VGP201\SGE\SGE.cpp,"Graphics_DebugRect(const SVector2& vPosition, const SVector2& vDimension, unsigned int rgb)",6,6,6,0,0,0,0,0,
C:\Users\Katlin\Desktop\VGp 201\TEST\VGP201\SGE\SGE.cpp,"Graphics_DebugRect(const SRect& rRect, unsigned int rgb)",6,6,6,0,0,0,0,0,
C:\Users\Katlin\Desktop\VGp 201\TEST\VGP201\SGE\SGE.cpp,"Graphics_DebugCircle(const SVector2& vCenter, float fRadius, unsigned int rgb)",2,2,2,0,0,0,0,0,
C:\Users\Katlin\Desktop\VGp 201\TEST\VGP201\SGE\SGE.cpp,"Graphics_DebugCircle(const SCircle& rCircle, unsigned int rgb)",2,2,2,0,0,0,0,0,
C:\Users\Katlin\Desktop\VGp 201\TEST\VGP201\SGE\SGE.cpp,Input_IsKeyDown(int iKey),2,2,2,1,0,0,0,0,
C:\Users\Katlin\Desktop\VGp 201\TEST\VGP201\SGE\SGE.cpp,Input_IsKeyPressed(int iKey),2,2,2,1,0,0,0,0,
C:\Users\Katlin\Desktop\VGp 201\TEST\VGP201\SGE\SGE.cpp,Input_IsMouseDown(int iMouse),2,2,2,1,0,0,0,0,
C:\Users\Katlin\Desktop\VGp 201\TEST\VGP201\SGE\SGE.cpp,Input_IsMousePressed(int iMouse),2,2,2,1,0,0,0,0,
C:\Users\Katlin\Desktop\VGp 201\TEST\VGP201\SGE\SGE.cpp,Input_GetMouseScreenX(void),2,2,2,1,0,0,0,0,
C:\Users\Katlin\Desktop\VGp 201\TEST\VGP201\SGE\SGE.cpp,Input_GetMouseScreenY(void),2,2,2,1,0,0,0,0,
C:\Users\Katlin\Desktop\VGp 201\TEST\VGP201\SGE\SGE.cpp,Input_GetMouseMoveX(void),2,2,2,1,0,0,0,0,
C:\Users\Katlin\Desktop\VGp 201\TEST\VGP201\SGE\SGE.cpp,Input_GetMouseMoveY(void),2,2,2,1,0,0,0,0,
C:\Users\Katlin\Desktop\VGp 201\TEST\VGP201\SGE\SGE.cpp,Input_GetMouseMoveZ(void),2,2,2,1,0,0,0,0,
C:\Users\Katlin\Desktop\VGp 201\TEST\VGP201\SGE\SGE.cpp,Input_IsGamePadButtonDown(int iButton),2,2,2,1,0,0,0,0,
C:\Users\Katlin\Desktop\VGp 201\TEST\VGP201\SGE\SGE.cpp,Input_IsGamePadButtonPressed(int iButton),2,2,2,1,0,0,0,0,
C:\Users\Katlin\Desktop\VGp 201\TEST\VGP201\SGE\SGE.cpp,Input_IsDPadUp(void),2,2,2,1,0,0,0,0,
C:\Users\Katlin\Desktop\VGp 201\TEST\VGP201\SGE\SGE.cpp,Input_IsDPadDown(void),2,2,2,1,0,0,0,0,
C:\Users\Katlin\Desktop\VGp 201\TEST\VGP201\SGE\SGE.cpp,Input_IsDPadLeft(void),2,2,2,1,0,0,0,0,
C:\Users\Katlin\Desktop\VGp 201\TEST\VGP201\SGE\SGE.cpp,Input_IsDPadRight(void),2,2,2,1,0,0,0,0,
C:\Users\Katlin\Desktop\VGp 201\TEST\VGP201\SGE\SGE.cpp,Input_GetLeftAnalogX(void),2,2,2,1,0,0,0,0,
C:\Users\Katlin\Desktop\VGp 201\TEST\VGP201\SGE\SGE.cpp,Input_GetLeftAnalogY(void),2,2,2,1,0,0,0,0,
C:\Users\Katlin\Desktop\VGp 201\TEST\VGP201\SGE\SGE.cpp,Input_GetRightAnalogX(void),2,2,2,1,0,0,0,0,
C:\Users\Katlin\Desktop\VGp 201\TEST\VGP201\SGE\SGE.cpp,Input_GetRightAnalogY(void),2,2,2,1,0,0,0,0,
C:\Users\Katlin\Desktop\VGp 201\TEST\VGP201\SGE\SGE_Audio.cpp,SGE_Sound::SGE_Sound(void),2,1,1,0,0,0,1,1,
C:\Users\Katlin\Desktop\VGp 201\TEST\VGP201\SGE\SGE_Audio.cpp,SGE_Sound::~SGE_Sound(void),2,1,1,0,0,0,1,1,
C:\Users\Katlin\Desktop\VGp 201\TEST\VGP201\SGE\SGE_Audio.cpp,SGE_Sound::Load(const char* pSoundName),11,6,6,0,2,0,3,10,
C:\Users\Katlin\Desktop\VGp 201\TEST\VGP201\SGE\SGE_Audio.cpp,SGE_Sound::Unload(void),7,6,4,1,0,0,1,2,
C:\Users\Katlin\Desktop\VGp 201\TEST\VGP201\SGE\SGE_Audio.cpp,SGE_Sound::Play(bool bLoop),5,5,3,1,0,0,0,0,
C:\Users\Katlin\Desktop\VGp 201\TEST\VGP201\SGE\SGE_Audio.cpp,SGE_Sound::Stop(void),5,5,3,1,0,0,0,0,
C:\Users\Katlin\Desktop\VGp 201\TEST\VGP201\SGE\SGE_Graphics.cpp,"BlendColor(float s, int c0, int c1)",18,14,14,1,4,0,0,0,
C:\Users\Katlin\Desktop\VGp 201\TEST\VGP201\SGE\SGE_Graphics.cpp,SGE_Sprite::SGE_Sprite(void),2,2,2,0,0,0,0,0,
C:\Users\Katlin\Desktop\VGp 201\TEST\VGP201\SGE\SGE_Graphics.cpp,SGE_Sprite::~SGE_Sprite(void),2,2,2,0,0,0,0,0,
C:\Users\Katlin\Desktop\VGp 201\TEST\VGP201\SGE\SGE_Graphics.cpp,SGE_Sprite::Load(const char* pTextureName),13,8,8,0,2,0,3,10,
C:\Users\Katlin\Desktop\VGp 201\TEST\VGP201\SGE\SGE_Graphics.cpp,SGE_Sprite::Add(const char* pTextureName),10,7,7,0,1,0,2,7,
C:\Users\Katlin\Desktop\VGp 201\TEST\VGP201\SGE\SGE_Graphics.cpp,SGE_Sprite::Unload(void),15,12,8,2,1,0,2,5,
C:\Users\Katlin\Desktop\VGp 201\TEST\VGP201\SGE\SGE_Graphics.cpp,SGE_Sprite::Update(float fSeconds),2,2,2,0,0,0,0,0,
C:\Users\Katlin\Desktop\VGp 201\TEST\VGP201\SGE\SGE_Graphics.cpp,SGE_Sprite::Render(void),2,2,2,0,0,0,0,0,
C:\Users\Katlin\Desktop\VGp 201\TEST\VGP201\SGE\SGE_Graphics.cpp,"SGE_Sprite::SetPosition(float x, float y)",2,2,2,0,0,0,0,0,
C:\Users\Katlin\Desktop\VGp 201\TEST\VGP201\SGE\SGE_Graphics.cpp,SGE_Sprite::SetPosition(const SVector2& pos),2,2,2,0,0,0,0,0,
C:\Users\Katlin\Desktop\VGp 201\TEST\VGP201\SGE\SGE_Graphics.cpp,"SGE_Sprite::SetScale(float x, float y)",2,2,2,0,0,0,0,0,
C:\Users\Katlin\Desktop\VGp 201\TEST\VGP201\SGE\SGE_Graphics.cpp,SGE_Sprite::SetScale(const SVector2& scale),2,2,2,0,0,0,0,0,
C:\Users\Katlin\Desktop\VGp 201\TEST\VGP201\SGE\SGE_Graphics.cpp,SGE_Sprite::SetRotation(float rotation),2,2,2,0,0,0,0,0,
C:\Users\Katlin\Desktop\VGp 201\TEST\VGP201\SGE\SGE_Graphics.cpp,SGE_Sprite::SetFlipH(bool bFlip),2,2,2,0,0,0,0,0,
C:\Users\Katlin\Desktop\VGp 201\TEST\VGP201\SGE\SGE_Graphics.cpp,SGE_Sprite::SetFlipV(bool bFlip),2,2,2,0,0,0,0,0,
C:\Users\Katlin\Desktop\VGp 201\TEST\VGP201\SGE\SGE_Graphics.cpp,"SGE_Sprite::Play(float speed, bool loop)",3,3,3,0,0,0,0,0,
C:\Users\Katlin\Desktop\VGp 201\TEST\VGP201\SGE\SGE_Graphics.cpp,SGE_Sprite::Stop(void),2,2,2,0,0,0,0,0,
C:\Users\Katlin\Desktop\VGp 201\TEST\VGP201\SGE\SGE_Graphics.cpp,SGE_Sprite::Reset(void),2,2,2,0,0,0,0,0,
C:\Users\Katlin\Desktop\VGp 201\TEST\VGP201\SGE\SGE_Graphics.cpp,SGE_Sprite::GetWidth(void) const,2,2,2,1,0,0,0,0,
C:\Users\Katlin\Desktop\VGp 201\TEST\VGP201\SGE\SGE_Graphics.cpp,SGE_Sprite::GetHeight(void) const,2,2,2,1,0,0,0,0,
C:\Users\Katlin\Desktop\VGp 201\TEST\VGP201\SGE\SGE_Graphics.cpp,SGE_Sprite::IsFinished(void) const,2,2,2,1,0,0,0,0,
C:\Users\Katlin\Desktop\VGp 201\TEST\VGP201\SGE\SGE_Graphics.cpp,SGE_Sprite::GetCurrentFrame(void) const,2,2,2,1,0,0,0,0,
C:\Users\Katlin\Desktop\VGp 201\TEST\VGP201\SGE\SGE_Graphics.cpp,SGE_Sprite::SetCurrentFrame(int iFrame),2,2,2,0,0,0,0,0,
C:\Users\Katlin\Desktop\VGp 201\TEST\VGP201\SGE\SGE_Graphics.cpp,SGE_Emitter::SGE_Emitter(void),2,2,2,0,0,0,0,0,
C:\Users\Katlin\Desktop\VGp 201\TEST\VGP201\SGE\SGE_Graphics.cpp,SGE_Emitter::~SGE_Emitter(void),2,2,2,0,0,0,0,0,
C:\Users\Katlin\Desktop\VGp 201\TEST\VGP201\SGE\SGE_Graphics.cpp,SGE_Emitter::Load(const char* pEmitterName),63,42,38,2,9,0,12,40,
C:\Users\Katlin\Desktop\VGp 201\TEST\VGP201\SGE\SGE_Graphics.cpp,SGE_Emitter::Unload(void),17,12,8,2,2,0,3,7,
C:\Users\Katlin\Desktop\VGp 201\TEST\VGP201\SGE\SGE_Graphics.cpp,SGE_Emitter::Update(float fSeconds),77,57,41,7,11,0,9,25,
C:\Users\Katlin\Desktop\VGp 201\TEST\VGP201\SGE\SGE_Graphics.cpp,SGE_Emitter::Render(bool bAdditiveBlend),28,24,16,4,2,0,2,8,
C:\Users\Katlin\Desktop\VGp 201\TEST\VGP201\SGE\SGE_Graphics.cpp,"SGE_Emitter::Start(float rate, bool burst)",14,13,9,1,1,0,0,0,
C:\Users\Katlin\Desktop\VGp 201\TEST\VGP201\SGE\SGE_Graphics.cpp,SGE_Emitter::Stop(void),5,4,4,0,1,0,0,0,
C:\Users\Katlin\Desktop\VGp 201\TEST\VGP201\SGE\SGE_Graphics.cpp,"SGE_Emitter::SetPosition(float x, float y)",3,3,3,0,0,0,0,0,
C:\Users\Katlin\Desktop\VGp 201\TEST\VGP201\SGE\SGE_Graphics.cpp,SGE_Emitter::SetPosition(const SVector2& pos),2,2,2,0,0,0,0,0,
C:\Users\Katlin\Desktop\VGp 201\TEST\VGP201\SGE\SGE_Graphics.cpp,"SGE_Emitter::SetOffset(float x, float y)",3,3,3,0,0,0,0,0,
C:\Users\Katlin\Desktop\VGp 201\TEST\VGP201\SGE\SGE_Graphics.cpp,SGE_Emitter::SetOffset(SVector2 pos),2,2,2,0,0,0,0,0,
C:\Users\Katlin\Desktop\VGp 201\TEST\VGP201\SGE\SGE_Graphics.cpp,SGE_WireFrame::SGE_WireFrame(void),3,3,3,0,0,0,0,0,
C:\Users\Katlin\Desktop\VGp 201\TEST\VGP201\SGE\SGE_Graphics.cpp,SGE_WireFrame::SGE_WireFrame(const SGE_WireFrame& rhs),3,3,3,0,0,0,0,0,
C:\Users\Katlin\Desktop\VGp 201\TEST\VGP201\SGE\SGE_Graphics.cpp,SGE_WireFrame::~SGE_WireFrame(void),3,3,3,0,0,0,0,0,
C:\Users\Katlin\Desktop\VGp 201\TEST\VGP201\SGE\SGE_Graphics.cpp,SGE_WireFrame::operator=(const SGE_WireFrame& rhs),2,2,2,0,0,0,0,0,
C:\Users\Katlin\Desktop\VGp 201\TEST\VGP201\SGE\SGE_Graphics.cpp,SGE_WireFrame::Render(void),2,2,2,0,0,0,0,0,
C:\Users\Katlin\Desktop\VGp 201\TEST\VGP201\SGE\SGE_Graphics.cpp,"SGE_WireFrame::AddLine(float x0, float y0, float x1, float y1)",2,2,2,0,0,0,0,0,
C:\Users\Katlin\Desktop\VGp 201\TEST\VGP201\SGE\SGE_Graphics.cpp,"SGE_WireFrame::AddLine(const SVector2& start, const SVector2& end)",2,2,2,0,0,0,0,0,
C:\Users\Katlin\Desktop\VGp 201\TEST\VGP201\SGE\SGE_Graphics.cpp,"SGE_WireFrame::AddRect(float x, float y, float w, float h)",2,2,2,0,0,0,0,0,
C:\Users\Katlin\Desktop\VGp 201\TEST\VGP201\SGE\SGE_Graphics.cpp,"SGE_WireFrame::AddRect(const SVector2& pos, const SVector2& dim)",2,2,2,0,0,0,0,0,
C:\Users\Katlin\Desktop\VGp 201\TEST\VGP201\SGE\SGE_Graphics.cpp,SGE_WireFrame::AddRect(const SRect& rRect),2,2,2,0,0,0,0,0,
C:\Users\Katlin\Desktop\VGp 201\TEST\VGP201\SGE\SGE_Graphics.cpp,"SGE_WireFrame::AddCircle(float x, float y, float r)",2,2,2,0,0,0,0,0,
C:\Users\Katlin\Desktop\VGp 201\TEST\VGP201\SGE\SGE_Graphics.cpp,"SGE_WireFrame::AddCircle(const SVector2& c, float r)",2,2,2,0,0,0,0,0,
C:\Users\Katlin\Desktop\VGp 201\TEST\VGP201\SGE\SGE_Graphics.cpp,SGE_WireFrame::AddCircle(const SCircle& rCircle),2,2,2,0,0,0,0,0,
C:\Users\Katlin\Desktop\VGp 201\TEST\VGP201\SGE\SGE_Graphics.cpp,SGE_WireFrame::Purge(void),2,2,2,0,0,0,0,0,
C:\Users\Katlin\Desktop\VGp 201\TEST\VGP201\SGE\SGE_Graphics.cpp,SGE_WireFrame::SetLineWidth(float fLineWidth),2,2,2,0,0,0,0,0,
C:\Users\Katlin\Desktop\VGp 201\TEST\VGP201\SGE\SGE_Graphics.cpp,SGE_WireFrame::SetColor(unsigned int rgb),2,2,2,0,0,0,0,0,
C:\Users\Katlin\Desktop\VGp 201\TEST\VGP201\SGE\SGE_Math.cpp,SVector2::SVector2(void),1,1,1,0,0,0,0,0,
C:\Users\Katlin\Desktop\VGp 201\TEST\VGP201\SGE\SGE_Math.cpp,"SVector2::SVector2(float _x, float _y)",1,1,1,0,0,0,0,0,
C:\Users\Katlin\Desktop\VGp 201\TEST\VGP201\SGE\SGE_Math.cpp,SVector2::SVector2(const SVector2& v),1,1,1,0,0,0,0,0,
C:\Users\Katlin\Desktop\VGp 201\TEST\VGP201\SGE\SGE_Math.cpp,SVector2::Invert(void),3,3,3,0,0,0,0,0,
C:\Users\Katlin\Desktop\VGp 201\TEST\VGP201\SGE\SGE_Math.cpp,SVector2::PerpendicularLH(void),4,4,4,0,0,0,0,0,
C:\Users\Katlin\Desktop\VGp 201\TEST\VGP201\SGE\SGE_Math.cpp,SVector2::PerpendicularRH(void),4,4,4,0,0,0,0,0,
C:\Users\Katlin\Desktop\VGp 201\TEST\VGP201\SGE\SGE_Math.cpp,SVector2::Length(void) const,2,2,2,1,0,0,0,0,
C:\Users\Katlin\Desktop\VGp 201\TEST\VGP201\SGE\SGE_Math.cpp,SVector2::LengthSquared(void) const,2,2,2,1,0,0,0,0,
C:\Users\Katlin\Desktop\VGp 201\TEST\VGP201\SGE\SGE_Math.cpp,SVector2::Normalize(void),7,7,5,1,0,0,0,0,
C:\Users\Katlin\Desktop\VGp 201\TEST\VGP201\SGE\SGE_Math.cpp,SVector2::Truncate(float max),11,11,7,2,0,0,0,0,
C:\Users\Katlin\Desktop\VGp 201\TEST\VGP201\SGE\SGE_Math.cpp,SVector2::Rotate(float rad),7,6,6,0,1,0,0,0,
C:\Users\Katlin\Desktop\VGp 201\TEST\VGP201\SGE\SGE_Math.cpp,SVector2::operator+(const SVector2& v) const,2,2,2,1,0,0,0,0,
C:\Users\Katlin\Desktop\VGp 201\TEST\VGP201\SGE\SGE_Math.cpp,SVector2::operator-(const SVector2& v) const,2,2,2,1,0,0,0,0,
C:\Users\Katlin\Desktop\VGp 201\TEST\VGP201\SGE\SGE_Math.cpp,SVector2::operator*(float f) const,2,2,2,1,0,0,0,0,
C:\Users\Katlin\Desktop\VGp 201\TEST\VGP201\SGE\SGE_Math.cpp,SVector2::operator+=(const SVector2& v),4,4,4,1,0,0,0,0,
C:\Users\Katlin\Desktop\VGp 201\TEST\VGP201\SGE\SGE_Math.cpp,SVector2::operator-=(const SVector2& v),4,4,4,1,0,0,0,0,
C:\Users\Katlin\Desktop\VGp 201\TEST\VGP201\SGE\SGE_Math.cpp,SVector2::operator*=(float f),4,4,4,1,0,0,0,0,
C:\Users\Katlin\Desktop\VGp 201\TEST\VGP201\SGE\SGE_Math.cpp,SVector2::operator=(const SVector2& v),4,4,4,1,0,0,0,0,
C:\Users\Katlin\Desktop\VGp 201\TEST\VGP201\SGE\SGE_Math.cpp,SVector2::operator==(const SVector2& v) const,2,2,2,1,0,0,0,0,
C:\Users\Katlin\Desktop\VGp 201\TEST\VGP201\SGE\SGE_Math.cpp,SVector2::operator!=(const SVector2& v) const,2,2,2,1,0,0,0,0,
C:\Users\Katlin\Desktop\VGp 201\TEST\VGP201\SGE\SGE_Math.cpp,SMatrix33::SMatrix33(void),1,1,1,0,0,0,0,0,
C:\Users\Katlin\Desktop\VGp 201\TEST\VGP201\SGE\SGE_Math.cpp,SMatrix33::SMatrix33(const SMatrix33& v),1,1,1,0,0,0,0,0,
C:\Users\Katlin\Desktop\VGp 201\TEST\VGP201\SGE\SGE_Math.cpp,SMatrix33::Identity(void),4,4,4,0,0,0,0,0,
C:\Users\Katlin\Desktop\VGp 201\TEST\VGP201\SGE\SGE_Math.cpp,"SMatrix33::SetTranslate(float x, float y)",4,4,4,0,0,0,0,0,
C:\Users\Katlin\Desktop\VGp 201\TEST\VGP201\SGE\SGE_Math.cpp,"SMatrix33::SetRotate(const SVector2& dir, const SVector2& side)",4,4,4,0,0,0,0,0,
C:\Users\Katlin\Desktop\VGp 201\TEST\VGP201\SGE\SGE_Math.cpp,"SMatrix33::SetScale(float x, float y)",4,4,4,0,0,0,0,0,
C:\Users\Katlin\Desktop\VGp 201\TEST\VGP201\SGE\SGE_Math.cpp,SMatrix33::Determinant(void),5,5,5,1,0,0,0,0,
C:\Users\Katlin\Desktop\VGp 201\TEST\VGP201\SGE\SGE_Math.cpp,SMatrix33::Multiply(float scale),4,4,4,0,0,0,0,0,
C:\Users\Katlin\Desktop\VGp 201\TEST\VGP201\SGE\SGE_Math.cpp,SMatrix33::Multiply(const SMatrix33& mat),14,11,11,0,3,0,0,0,
C:\Users\Katlin\Desktop\VGp 201\TEST\VGP201\SGE\SGE_Math.cpp,SMatrix33::Inverse(void),15,12,12,0,3,0,0,0,
C:\Users\Katlin\Desktop\VGp 201\TEST\VGP201\SGE\SGE_Math.cpp,SMatrix33::TransformCoord(const SVector2& v),3,3,2,1,0,0,0,0,
C:\Users\Katlin\Desktop\VGp 201\TEST\VGP201\SGE\SGE_Math.cpp,SMatrix33::TransformNormal(const SVector2& v),2,2,2,1,0,0,0,0,
C:\Users\Katlin\Desktop\VGp 201\TEST\VGP201\SGE\SGE_Math.cpp,SLineSegment::SLineSegment(void),1,1,1,0,0,0,0,0,
C:\Users\Katlin\Desktop\VGp 201\TEST\VGP201\SGE\SGE_Math.cpp,"SLineSegment::SLineSegment(float x0, float y0, float x1, float y1)",1,1,1,0,0,0,0,0,
C:\Users\Katlin\Desktop\VGp 201\TEST\VGP201\SGE\SGE_Math.cpp,"SLineSegment::SLineSegment(const SVector2& v0, const SVector2& v1)",1,1,1,0,0,0,0,0,
C:\Users\Katlin\Desktop\VGp 201\TEST\VGP201\SGE\SGE_Math.cpp,SCircle::SCircle(void),1,1,1,0,0,0,0,0,
C:\Users\Katlin\Desktop\VGp 201\TEST\VGP201\SGE\SGE_Math.cpp,"SCircle::SCircle(float _x, float _y, float r)",1,1,1,0,0,0,0,0,
C:\Users\Katlin\Desktop\VGp 201\TEST\VGP201\SGE\SGE_Math.cpp,"SCircle::SCircle(const SVector2& c, float r)",1,1,1,0,0,0,0,0,
C:\Users\Katlin\Desktop\VGp 201\TEST\VGP201\SGE\SGE_Math.cpp,SRect::SRect(void),1,1,1,0,0,0,0,0,
C:\Users\Katlin\Desktop\VGp 201\TEST\VGP201\SGE\SGE_Math.cpp,"SRect::SRect(float l, float t, float r, float b)",1,1,1,0,0,0,0,0,
C:\Users\Katlin\Desktop\VGp 201\TEST\VGP201\SGE\SGE_Math.cpp,"SRect::SRect(const SVector2& _min, const SVector2& _max)",1,1,1,0,0,0,0,0,
C:\Users\Katlin\Desktop\VGp 201\TEST\VGP201\SGE\SGE_Math.cpp,SRect::Expand(const SVector2& point),5,5,5,0,0,0,0,0,
C:\Users\Katlin\Desktop\VGp 201\TEST\VGP201\SGE\SGE_Math.cpp,SRect::operator+(const SVector2& v) const,2,2,2,1,0,0,0,0,
C:\Users\Katlin\Desktop\VGp 201\TEST\VGP201\SGE\SGE_Math.cpp,SRect::operator+(const SRect& r) const,8,8,2,1,0,0,0,0,
C:\Users\Katlin\Desktop\VGp 201\TEST\VGP201\SGE\SGE_Math.cpp,SRect::operator+=(const SVector2& v),4,4,4,1,0,0,0,0,
C:\Users\Katlin\Desktop\VGp 201\TEST\VGP201\SGE\SGE_Math.cpp,SRect::operator+=(const SRect& r),6,6,6,1,0,0,0,0,
C:\Users\Katlin\Desktop\VGp 201\TEST\VGP201\SGE\SGE_Math.cpp,"Min(float a, float b)",2,2,2,1,0,0,0,0,
C:\Users\Katlin\Desktop\VGp 201\TEST\VGP201\SGE\SGE_Math.cpp,"Max(float a, float b)",2,2,2,1,0,0,0,0,
C:\Users\Katlin\Desktop\VGp 201\TEST\VGP201\SGE\SGE_Math.cpp,"Clamp(float f, float min, float max)",11,11,7,3,0,0,0,0,
C:\Users\Katlin\Desktop\VGp 201\TEST\VGP201\SGE\SGE_Math.cpp,DegToRad(float degree),2,2,2,1,0,0,0,0,
C:\Users\Katlin\Desktop\VGp 201\TEST\VGP201\SGE\SGE_Math.cpp,RadToDeg(float radian),2,2,2,1,0,0,0,0,
C:\Users\Katlin\Desktop\VGp 201\TEST\VGP201\SGE\SGE_Math.cpp,Normalize(const SVector2& v),4,4,4,1,0,0,0,0,
C:\Users\Katlin\Desktop\VGp 201\TEST\VGP201\SGE\SGE_Math.cpp,"Dot(const SVector2& v0, const SVector2& v1)",2,2,2,1,0,0,0,0,
C:\Users\Katlin\Desktop\VGp 201\TEST\VGP201\SGE\SGE_Math.cpp,"Distance(const SVector2& v0, const SVector2& v1)",5,4,4,1,1,0,0,0,
C:\Users\Katlin\Desktop\VGp 201\TEST\VGP201\SGE\SGE_Math.cpp,"DistanceSquared(const SVector2& v0, const SVector2& v1)",5,4,4,1,1,0,0,0,
C:\Users\Katlin\Desktop\VGp 201\TEST\VGP201\SGE\SGE_Math.cpp,"PointInRect(const SVector2 point, const SRect& rect)",7,7,4,3,0,0,0,0,
C:\Users\Katlin\Desktop\VGp 201\TEST\VGP201\SGE\SGE_Math.cpp,"Intersect(const SLineSegment& a, const SLineSegment& b)",31,22,14,7,5,0,4,17,
C:\Users\Katlin\Desktop\VGp 201\TEST\VGP201\SGE\SGE_Math.cpp,"Intersect(const SCircle& c0, const SCircle& c1)",5,5,5,1,0,0,0,0,
C:\Users\Katlin\Desktop\VGp 201\TEST\VGP201\SGE\SGE_Math.cpp,"Intersect(const SRect& r0, const SRect& r1)",11,11,6,6,0,0,0,0,
C:\Users\Katlin\Desktop\VGp 201\TEST\VGP201\SGE\SGE_UI.cpp,SGE_Font::SGE_Font(void),2,2,2,0,0,0,0,0,
C:\Users\Katlin\Desktop\VGp 201\TEST\VGP201\SGE\SGE_UI.cpp,SGE_Font::~SGE_Font(void),2,2,2,0,0,0,0,0,
C:\Users\Katlin\Desktop\VGp 201\TEST\VGP201\SGE\SGE_UI.cpp,SGE_Font::Load(int iSize),2,2,2,0,0,0,0,0,
C:\Users\Katlin\Desktop\VGp 201\TEST\VGP201\SGE\SGE_UI.cpp,SGE_Font::Unload(void),2,2,2,0,0,0,0,0,
C:\Users\Katlin\Desktop\VGp 201\TEST\VGP201\SGE\SGE_UI.cpp,"SGE_Font::SetColor(int r, int g, int b)",2,2,2,0,0,0,0,0,
C:\Users\Katlin\Desktop\VGp 201\TEST\VGP201\SGE\SGE_UI.cpp,"SGE_Font::Print(const char* pText, int iPositionX, int iPositionY)",2,2,2,0,0,0,0,0,
C:\Users\Katlin\Desktop\VGp 201\TEST\VGP201\SGE\SGE_UI.cpp,SGE_Cursor::SGE_Cursor(void),2,2,2,0,0,0,0,0,
C:\Users\Katlin\Desktop\VGp 201\TEST\VGP201\SGE\SGE_UI.cpp,SGE_Cursor::~SGE_Cursor(void),2,2,2,0,0,0,0,0,
C:\Users\Katlin\Desktop\VGp 201\TEST\VGP201\SGE\SGE_UI.cpp,SGE_Cursor::Load(const char* pTextureName),12,7,7,0,2,0,3,10,
C:\Users\Katlin\Desktop\VGp 201\TEST\VGP201\SGE\SGE_UI.cpp,SGE_Cursor::Unload(void),10,7,5,1,1,0,2,5,
C:\Users\Katlin\Desktop\VGp 201\TEST\VGP201\SGE\SGE_UI.cpp,SGE_Cursor::Update(float fSeconds),4,4,4,0,0,0,0,0,
C:\Users\Katlin\Desktop\VGp 201\TEST\VGP201\SGE\SGE_UI.cpp,SGE_Cursor::Render(void),5,5,3,1,0,0,0,0,
C:\Users\Katlin\Desktop\VGp 201\TEST\VGP201\SGE\SGE_UI.cpp,SGE_Cursor::Show(void),2,2,2,0,0,0,0,0,
C:\Users\Katlin\Desktop\VGp 201\TEST\VGP201\SGE\SGE_UI.cpp,SGE_Cursor::Hide(void),2,2,2,0,0,0,0,0,
C:\Users\Katlin\Desktop\VGp 201\TEST\VGP201\SGE\SGE_UI.cpp,SGE_Button::SGE_Button(void),3,3,3,0,0,0,0,0,
C:\Users\Katlin\Desktop\VGp 201\TEST\VGP201\SGE\SGE_UI.cpp,SGE_Button::~SGE_Button(void),3,3,3,0,0,0,0,0,
C:\Users\Katlin\Desktop\VGp 201\TEST\VGP201\SGE\SGE_UI.cpp,"SGE_Button::Load(const char* pTextureOn, const char* pTextureOff, int iTextSize)",25,15,15,0,5,0,5,15,
C:\Users\Katlin\Desktop\VGp 201\TEST\VGP201\SGE\SGE_UI.cpp,SGE_Button::Unload(void),18,13,9,2,2,0,3,7,
C:\Users\Katlin\Desktop\VGp 201\TEST\VGP201\SGE\SGE_UI.cpp,SGE_Button::Update(float fSeconds),17,15,11,1,2,0,0,0,
C:\Users\Katlin\Desktop\VGp 201\TEST\VGP201\SGE\SGE_UI.cpp,SGE_Button::Render(void),6,5,5,0,1,0,0,0,
C:\Users\Katlin\Desktop\VGp 201\TEST\VGP201\SGE\SGE_UI.cpp,"SGE_Button::SetPosition(float x, float y)",2,2,2,0,0,0,0,0,
C:\Users\Katlin\Desktop\VGp 201\TEST\VGP201\SGE\SGE_UI.cpp,SGE_Button::SetPosition(const SVector2& pos),2,2,2,0,0,0,0,0,
C:\Users\Katlin\Desktop\VGp 201\TEST\VGP201\SGE\SGE_UI.cpp,"SGE_Button::SetText(const char* pText, int r, int g, int b)",3,3,3,0,0,0,0,0,
C:\Users\Katlin\Desktop\VGp 201\TEST\VGP201\SGE\SGE_UI.cpp,SGE_Button::IsPressed(void) const,15,13,11,2,2,0,0,0,
C:\Users\Katlin\Desktop\VGp 201\TEST\VGP201\SGE\Audio\CFMOD.cpp,CFMOD::Get(void),9,6,4,2,1,0,2,13,
C:\Users\Katlin\Desktop\VGp 201\TEST\VGP201\SGE\Audio\CFMOD.cpp,CFMOD::CFMOD(void),2,1,1,0,0,0,1,1,
C:\Users\Katlin\Desktop\VGp 201\TEST\VGP201\SGE\Audio\CFMOD.cpp,CFMOD::~CFMOD(void),3,2,2,0,0,0,1,4,
C:\Users\Katlin\Desktop\VGp 201\TEST\VGP201\SGE\Audio\CFMOD.cpp,CFMOD::Initialize(int iMaxChannels),33,19,13,3,5,0,9,31,
C:\Users\Katlin\Desktop\VGp 201\TEST\VGP201\SGE\Audio\CFMOD.cpp,CFMOD::Terminate(void),24,14,10,2,4,0,6,21,
C:\Users\Katlin\Desktop\VGp 201\TEST\VGP201\SGE\Audio\CFMOD.cpp,CFMOD::Update(void),11,7,5,1,1,0,3,13,
C:\Users\Katlin\Desktop\VGp 201\TEST\VGP201\SGE\Audio\CFMOD.cpp,CFMOD::FMODSystem(void) const,10,7,5,3,1,0,2,11,
C:\Users\Katlin\Desktop\VGp 201\TEST\VGP201\SGE\Audio\CSound.cpp,CSound::CSound(void),2,1,1,0,0,0,1,1,
C:\Users\Katlin\Desktop\VGp 201\TEST\VGP201\SGE\Audio\CSound.cpp,CSound::~CSound(void),3,2,2,0,0,0,1,2,
C:\Users\Katlin\Desktop\VGp 201\TEST\VGP201\SGE\Audio\CSound.cpp,CSound::Load(const char* pFilename),17,9,7,1,3,0,5,20,
C:\Users\Katlin\Desktop\VGp 201\TEST\VGP201\SGE\Audio\CSound.cpp,CSound::Unload(void),13,8,6,1,2,0,3,7,
C:\Users\Katlin\Desktop\VGp 201\TEST\VGP201\SGE\Audio\CSound.cpp,CSound::Play(bool bLoop),15,10,8,1,2,0,3,18,
C:\Users\Katlin\Desktop\VGp 201\TEST\VGP201\SGE\Audio\CSound.cpp,CSound::Stop(void),14,10,6,2,1,0,3,22,
C:\Users\Katlin\Desktop\VGp 201\TEST\VGP201\SGE\Audio\CSound.cpp,CSound::Pause(void),13,9,5,2,1,0,3,22,
C:\Users\Katlin\Desktop\VGp 201\TEST\VGP201\SGE\Audio\CSound.cpp,CSound::Resume(void),13,9,5,2,1,0,3,22,
C:\Users\Katlin\Desktop\VGp 201\TEST\VGP201\SGE\Audio\CSound.cpp,CSound::IsPlaying(void) const,15,11,7,4,2,0,2,14,
C:\Users\Katlin\Desktop\VGp 201\TEST\VGP201\SGE\Audio\CSound.cpp,CSound::IsPaused(void) const,15,11,7,4,2,0,2,14,
C:\Users\Katlin\Desktop\VGp 201\TEST\VGP201\SGE\Audio\CSound.cpp,CSound::GetVolume(void) const,2,2,2,1,0,0,0,0,
C:\Users\Katlin\Desktop\VGp 201\TEST\VGP201\SGE\Audio\CSound.cpp,CSound::SetVolume(float fVolume),18,12,8,3,3,0,3,17,
C:\Users\Katlin\Desktop\VGp 201\TEST\VGP201\SGE\Audio\CSound.cpp,CSound::AddToVolume(float fVolume),18,12,8,3,3,0,3,17,
C:\Users\Katlin\Desktop\VGp 201\TEST\VGP201\SGE\Core\CApplication.cpp,CApplication::CApplication(void),2,1,1,0,0,0,1,1,
C:\Users\Katlin\Desktop\VGp 201\TEST\VGP201\SGE\Core\CApplication.cpp,CApplication::~CApplication(void),2,1,1,0,0,0,1,1,
C:\Users\Katlin\Desktop\VGp 201\TEST\VGP201\SGE\Core\CApplication.cpp,"CApplication::Initialize(const char* pAppName, HINSTANCE hInstance, int iWinWidth, int iWinHeight)",58,36,24,0,10,10,12,63,
C:\Users\Katlin\Desktop\VGp 201\TEST\VGP201\SGE\Core\CApplication.cpp,CApplication::Terminate(void),15,6,6,0,4,0,5,18,
C:\Users\Katlin\Desktop\VGp 201\TEST\VGP201\SGE\Core\CApplication.cpp,CApplication::Run(void),18,15,9,2,1,0,2,7,
C:\Users\Katlin\Desktop\VGp 201\TEST\VGP201\SGE\Core\CApplication.cpp,CApplication::Quit(void),2,2,2,0,0,0,0,0,
C:\Users\Katlin\Desktop\VGp 201\TEST\VGP201\SGE\Core\CApplication.cpp,CApplication::OnInitialize(void),2,1,1,0,0,0,1,1,
C:\Users\Katlin\Desktop\VGp 201\TEST\VGP201\SGE\Core\CApplication.cpp,CApplication::OnTerminate(void),2,1,1,0,0,0,1,1,
C:\Users\Katlin\Desktop\VGp 201\TEST\VGP201\SGE\Core\CApplication.cpp,CApplication::OnMainLoop(void),5,5,3,1,0,0,0,0,
C:\Users\Katlin\Desktop\VGp 201\TEST\VGP201\SGE\Core\CLog.cpp,CLog::Get(void),9,6,4,2,1,0,2,13,
C:\Users\Katlin\Desktop\VGp 201\TEST\VGP201\SGE\Core\CLog.cpp,CLog::CLog(void),2,1,1,0,0,0,1,1,
C:\Users\Katlin\Desktop\VGp 201\TEST\VGP201\SGE\Core\CLog.cpp,CLog::Initialize(const char* pFilename),33,18,16,1,7,0,8,43,
C:\Users\Katlin\Desktop\VGp 201\TEST\VGP201\SGE\Core\CLog.cpp,CLog::Terminate(void),6,3,3,0,1,0,2,6,
C:\Users\Katlin\Desktop\VGp 201\TEST\VGP201\SGE\Core\CLog.cpp,"CLog::Write(ELogMessageType eLogMessageType, const char* pMessage, ...)",40,25,21,2,7,0,8,43,
C:\Users\Katlin\Desktop\VGp 201\TEST\VGP201\SGE\Core\CTimer.cpp,CTimer::Get(void),9,6,4,2,1,0,2,13,
C:\Users\Katlin\Desktop\VGp 201\TEST\VGP201\SGE\Core\CTimer.cpp,CTimer::CTimer(void),4,4,4,0,0,0,0,0,
C:\Users\Katlin\Desktop\VGp 201\TEST\VGP201\SGE\Core\CTimer.cpp,CTimer::Initialize(void),28,16,12,2,5,0,7,33,
C:\Users\Katlin\Desktop\VGp 201\TEST\VGP201\SGE\Core\CTimer.cpp,CTimer::Terminate(void),24,14,12,1,4,0,6,21,
C:\Users\Katlin\Desktop\VGp 201\TEST\VGP201\SGE\Core\CTimer.cpp,CTimer::Update(void),31,19,15,2,6,0,6,30,
C:\Users\Katlin\Desktop\VGp 201\TEST\VGP201\SGE\Core\CTimer.cpp,CTimer::GetElapsedSeconds(void) const,2,2,2,1,0,0,0,0,
C:\Users\Katlin\Desktop\VGp 201\TEST\VGP201\SGE\Core\CTimer.cpp,CTimer::GetFPS(void) const,2,2,2,1,0,0,0,0,
C:\Users\Katlin\Desktop\VGp 201\TEST\VGP201\SGE\External\Include\FMOD\fmod_errors.h,FMOD_ErrorString(FMOD_RESULT errcode),96,96,95,1,0,0,0,0,
C:\Users\Katlin\Desktop\VGp 201\TEST\VGP201\SGE\External\Include\FMOD\fmod.hpp,"Memory_Initialize(void *poolmem, int poollen, FMOD_MEMORY_ALLOCCALLBACK useralloc, FMOD_MEMORY_REALLOCCALLBACK userrealloc, FMOD_MEMORY_FREECALLBACK userfree, FMOD_MEMORY_TYPE memtypeflags = (FMOD_MEMORY_NORMAL | FMOD_MEMORY_XBOX360_PHYSICAL))",1,1,1,0,0,0,0,0,
C:\Users\Katlin\Desktop\VGp 201\TEST\VGP201\SGE\External\Include\FMOD\fmod.hpp,"Memory_GetStats(int *currentalloced, int *maxalloced)",1,1,1,0,0,0,0,0,
C:\Users\Katlin\Desktop\VGp 201\TEST\VGP201\SGE\External\Include\FMOD\fmod.hpp,Debug_SetLevel(FMOD_DEBUGLEVEL level),1,1,1,0,0,0,0,0,
C:\Users\Katlin\Desktop\VGp 201\TEST\VGP201\SGE\External\Include\FMOD\fmod.hpp,Debug_GetLevel(FMOD_DEBUGLEVEL *level),1,1,1,0,0,0,0,0,
C:\Users\Katlin\Desktop\VGp 201\TEST\VGP201\SGE\External\Include\FMOD\fmod.hpp,File_SetDiskBusy(int busy),1,1,1,0,0,0,0,0,
C:\Users\Katlin\Desktop\VGp 201\TEST\VGP201\SGE\External\Include\FMOD\fmod.hpp,File_GetDiskBusy(int *busy),1,1,1,0,0,0,0,0,
C:\Users\Katlin\Desktop\VGp 201\TEST\VGP201\SGE\External\Include\FMOD\fmod.hpp,System_Create(System **system),1,1,1,0,0,0,0,0,
C:\Users\Katlin\Desktop\VGp 201\TEST\VGP201\SGE\Graphics\CDXGraphics.cpp,CDXGraphics::Get(void),9,6,4,2,1,0,2,13,
C:\Users\Katlin\Desktop\VGp 201\TEST\VGP201\SGE\Graphics\CDXGraphics.cpp,CDXGraphics::CDXGraphics(void),3,3,3,0,0,0,0,0,
C:\Users\Katlin\Desktop\VGp 201\TEST\VGP201\SGE\Graphics\CDXGraphics.cpp,CDXGraphics::~CDXGraphics(void),3,2,2,0,0,0,1,4,
C:\Users\Katlin\Desktop\VGp 201\TEST\VGP201\SGE\Graphics\CDXGraphics.cpp,"CDXGraphics::Initialize(HWND hWindow, int iWidth, int iHeight, bool bFullscreen)",74,48,33,3,10,3,16,70,
C:\Users\Katlin\Desktop\VGp 201\TEST\VGP201\SGE\Graphics\CDXGraphics.cpp,CDXGraphics::Terminate(void),31,19,13,3,5,0,7,24,
C:\Users\Katlin\Desktop\VGp 201\TEST\VGP201\SGE\Graphics\CDXGraphics.cpp,CDXGraphics::D3DDevice(void) const,10,7,5,3,1,0,2,9,
C:\Users\Katlin\Desktop\VGp 201\TEST\VGP201\SGE\Graphics\CDXGraphics.cpp,CDXGraphics::BeginRender(D3DCOLOR sClearColor),48,26,17,5,8,0,14,86,
C:\Users\Katlin\Desktop\VGp 201\TEST\VGP201\SGE\Graphics\CDXGraphics.cpp,CDXGraphics::EndRender(void),14,8,6,1,2,0,4,14,
C:\Users\Katlin\Desktop\VGp 201\TEST\VGP201\SGE\Graphics\CFont.cpp,CFont::CFont(void),3,2,2,0,0,0,1,5,
C:\Users\Katlin\Desktop\VGp 201\TEST\VGP201\SGE\Graphics\CFont.cpp,CFont::~CFont(void),3,2,2,0,0,0,1,2,
C:\Users\Katlin\Desktop\VGp 201\TEST\VGP201\SGE\Graphics\CFont.cpp,"CFont::Create(const char* pFontType, int iSize, bool bBold, bool bItalic)",23,21,5,1,1,10,1,32,
C:\Users\Katlin\Desktop\VGp 201\TEST\VGP201\SGE\Graphics\CFont.cpp,CFont::Destroy(void),7,6,4,1,0,0,1,3,
C:\Users\Katlin\Desktop\VGp 201\TEST\VGP201\SGE\Graphics\CFont.cpp,"CFont::SetColor(int iRed, int iGreen, int iBlue)",3,2,2,0,0,0,1,2,
C:\Users\Katlin\Desktop\VGp 201\TEST\VGP201\SGE\Graphics\CFont.cpp,"CFont::SetTextArea(int iPosX, int iPosY, int iWidth, int iHeight)",21,18,10,4,1,0,2,6,
C:\Users\Katlin\Desktop\VGp 201\TEST\VGP201\SGE\Graphics\CFont.cpp,CFont::SetFormat(int iFormat),44,35,19,3,4,0,5,20,
C:\Users\Katlin\Desktop\VGp 201\TEST\VGP201\SGE\Graphics\CFont.cpp,"CFont::PrintText(const char* pText, int iPosX, int iPosY)",29,23,13,1,3,6,3,30,
C:\Users\Katlin\Desktop\VGp 201\TEST\VGP201\SGE\Graphics\CSprite.cpp,CSprite::CSprite(void),2,1,1,0,0,0,1,1,
C:\Users\Katlin\Desktop\VGp 201\TEST\VGP201\SGE\Graphics\CSprite.cpp,CSprite::~CSprite(void),3,2,2,0,0,0,1,2,
C:\Users\Katlin\Desktop\VGp 201\TEST\VGP201\SGE\Graphics\CSprite.cpp,CSprite::Update(float fSeconds),28,25,13,4,1,0,2,10,
C:\Users\Katlin\Desktop\VGp 201\TEST\VGP201\SGE\Graphics\CSprite.cpp,CSprite::Render(void),88,61,47,3,13,7,14,62,
C:\Users\Katlin\Desktop\VGp 201\TEST\VGP201\SGE\Graphics\CSprite.cpp,CSprite::AddTexture(CTexture* pTexture),2,2,2,0,0,0,0,0,
C:\Users\Katlin\Desktop\VGp 201\TEST\VGP201\SGE\Graphics\CSprite.cpp,CSprite::GetTexture(void) const,7,7,5,2,0,0,0,0,
C:\Users\Katlin\Desktop\VGp 201\TEST\VGP201\SGE\Graphics\CSprite.cpp,CSprite::ClearTextures(void),2,2,2,0,0,0,0,0,
C:\Users\Katlin\Desktop\VGp 201\TEST\VGP201\SGE\Graphics\CSprite.cpp,"CSprite::GetDimension(int& iWidth, int& iHeight) const",13,12,8,1,0,0,1,6,
C:\Users\Katlin\Desktop\VGp 201\TEST\VGP201\SGE\Graphics\CSprite.cpp,"CSprite::SetColor(int iRed, int iGreen, int iBlue, int iAlpha)",2,2,2,0,0,0,0,0,
C:\Users\Katlin\Desktop\VGp 201\TEST\VGP201\SGE\Graphics\CSprite.cpp,CSprite::SetColor(int argb),2,2,2,0,0,0,0,0,
C:\Users\Katlin\Desktop\VGp 201\TEST\VGP201\SGE\Graphics\CSprite.cpp,"CSprite::GetPosition(float& fPosX, float& fPosY) const",3,3,3,0,0,0,0,0,
C:\Users\Katlin\Desktop\VGp 201\TEST\VGP201\SGE\Graphics\CSprite.cpp,"CSprite::GetScale(float& fScaleX, float& fScaleY) const",3,3,3,0,0,0,0,0,
C:\Users\Katlin\Desktop\VGp 201\TEST\VGP201\SGE\Graphics\CSprite.cpp,CSprite::GetRotation(void) const,2,2,2,1,0,0,0,0,
C:\Users\Katlin\Desktop\VGp 201\TEST\VGP201\SGE\Graphics\CSprite.cpp,CSprite::GetDepth(void) const,2,2,2,1,0,0,0,0,
C:\Users\Katlin\Desktop\VGp 201\TEST\VGP201\SGE\Graphics\CSprite.cpp,CSprite::IsScaleAboutCenter(void) const,2,2,2,1,0,0,0,0,
C:\Users\Katlin\Desktop\VGp 201\TEST\VGP201\SGE\Graphics\CSprite.cpp,CSprite::GetFlipH(void) const,2,2,2,1,0,0,0,0,
C:\Users\Katlin\Desktop\VGp 201\TEST\VGP201\SGE\Graphics\CSprite.cpp,CSprite::GetFlipV(void) const,2,2,2,1,0,0,0,0,
C:\Users\Katlin\Desktop\VGp 201\TEST\VGP201\SGE\Graphics\CSprite.cpp,"CSprite::SetPosition(float fPosX, float fPosY)",3,3,3,0,0,0,0,0,
C:\Users\Katlin\Desktop\VGp 201\TEST\VGP201\SGE\Graphics\CSprite.cpp,"CSprite::SetScale(float fScaleX, float fScaleY)",3,3,3,0,0,0,0,0,
C:\Users\Katlin\Desktop\VGp 201\TEST\VGP201\SGE\Graphics\CSprite.cpp,CSprite::SetRotation(float fRotation),2,2,2,0,0,0,0,0,
C:\Users\Katlin\Desktop\VGp 201\TEST\VGP201\SGE\Graphics\CSprite.cpp,CSprite::SetDepth(float fDepth),2,2,2,0,0,0,0,0,
C:\Users\Katlin\Desktop\VGp 201\TEST\VGP201\SGE\Graphics\CSprite.cpp,CSprite::SetScaleAboutCenter(bool bScaleAboutCenter),2,2,2,0,0,0,0,0,
C:\Users\Katlin\Desktop\VGp 201\TEST\VGP201\SGE\Graphics\CSprite.cpp,CSprite::SetFlipH(bool bFlip),2,2,2,0,0,0,0,0,
C:\Users\Katlin\Desktop\VGp 201\TEST\VGP201\SGE\Graphics\CSprite.cpp,CSprite::SetFlipV(bool bFlip),2,2,2,0,0,0,0,0,
C:\Users\Katlin\Desktop\VGp 201\TEST\VGP201\SGE\Graphics\CSprite.cpp,CSprite::Play(bool bLoopOnce),3,3,3,0,0,0,0,0,
C:\Users\Katlin\Desktop\VGp 201\TEST\VGP201\SGE\Graphics\CSprite.cpp,CSprite::Stop(void),2,2,2,0,0,0,0,0,
C:\Users\Katlin\Desktop\VGp 201\TEST\VGP201\SGE\Graphics\CSprite.cpp,CSprite::Step(void),6,6,4,1,0,0,0,0,
C:\Users\Katlin\Desktop\VGp 201\TEST\VGP201\SGE\Graphics\CSprite.cpp,CSprite::Reset(void),3,3,3,0,0,0,0,0,
C:\Users\Katlin\Desktop\VGp 201\TEST\VGP201\SGE\Graphics\CSprite.cpp,CSprite::IsFinished(void) const,15,13,9,5,2,0,0,0,
C:\Users\Katlin\Desktop\VGp 201\TEST\VGP201\SGE\Graphics\CSprite.cpp,CSprite::GetAnimationSpeed(void) const,2,2,2,1,0,0,0,0,
C:\Users\Katlin\Desktop\VGp 201\TEST\VGP201\SGE\Graphics\CSprite.cpp,CSprite::GetCurrentFrame(void) const,2,2,2,1,0,0,0,0,
C:\Users\Katlin\Desktop\VGp 201\TEST\VGP201\SGE\Graphics\CSprite.cpp,CSprite::SetAnimationSpeed(float fSpeed),2,2,2,0,0,0,0,0,
C:\Users\Katlin\Desktop\VGp 201\TEST\VGP201\SGE\Graphics\CSprite.cpp,CSprite::SetCurrentFrame(int iFrame),10,10,6,1,0,0,0,0,
C:\Users\Katlin\Desktop\VGp 201\TEST\VGP201\SGE\Graphics\CSpriteRenderer.cpp,CSpriteRenderer::Get(void),9,6,4,2,1,0,2,13,
C:\Users\Katlin\Desktop\VGp 201\TEST\VGP201\SGE\Graphics\CSpriteRenderer.cpp,CSpriteRenderer::CSpriteRenderer(void),2,1,1,0,0,0,1,1,
C:\Users\Katlin\Desktop\VGp 201\TEST\VGP201\SGE\Graphics\CSpriteRenderer.cpp,CSpriteRenderer::~CSpriteRenderer(void),3,2,2,0,0,0,1,4,
C:\Users\Katlin\Desktop\VGp 201\TEST\VGP201\SGE\Graphics\CSpriteRenderer.cpp,CSpriteRenderer::Initialize(void),25,14,10,2,4,0,7,28,
C:\Users\Katlin\Desktop\VGp 201\TEST\VGP201\SGE\Graphics\CSpriteRenderer.cpp,CSpriteRenderer::Terminate(void),24,14,10,2,4,0,6,22,
C:\Users\Katlin\Desktop\VGp 201\TEST\VGP201\SGE\Graphics\CSpriteRenderer.cpp,CSpriteRenderer::BeginRender(void),11,7,5,1,1,0,3,11,
C:\Users\Katlin\Desktop\VGp 201\TEST\VGP201\SGE\Graphics\CSpriteRenderer.cpp,CSpriteRenderer::EndRender(void),11,7,5,1,1,0,3,11,
C:\Users\Katlin\Desktop\VGp 201\TEST\VGP201\SGE\Graphics\CSpriteRenderer.cpp,CSpriteRenderer::D3DXSprite(void) const,10,7,5,3,1,0,2,8,
C:\Users\Katlin\Desktop\VGp 201\TEST\VGP201\SGE\Graphics\CTexture.cpp,CTexture::CTexture(void),2,1,1,0,0,0,1,1,
C:\Users\Katlin\Desktop\VGp 201\TEST\VGP201\SGE\Graphics\CTexture.cpp,CTexture::~CTexture(void),3,2,2,0,0,0,1,2,
C:\Users\Katlin\Desktop\VGp 201\TEST\VGP201\SGE\Graphics\CTexture.cpp,CTexture::Load(const char* pFilename),36,27,9,1,4,14,5,88,
C:\Users\Katlin\Desktop\VGp 201\TEST\VGP201\SGE\Graphics\CTexture.cpp,CTexture::Unload(void),11,8,6,1,1,0,2,4,
C:\Users\Katlin\Desktop\VGp 201\TEST\VGP201\SGE\Graphics\CTexture.cpp,CTexture::GetTexture(void) const,2,2,2,1,0,0,0,0,
C:\Users\Katlin\Desktop\VGp 201\TEST\VGP201\SGE\Graphics\CTexture.cpp,CTexture::GetWidth(void) const,2,2,2,1,0,0,0,0,
C:\Users\Katlin\Desktop\VGp 201\TEST\VGP201\SGE\Graphics\CTexture.cpp,CTexture::GetHeight(void) const,2,2,2,1,0,0,0,0,
C:\Users\Katlin\Desktop\VGp 201\TEST\VGP201\SGE\Graphics\CWireFrame.cpp,CWireFrame::CWireFrame(void),2,1,1,0,0,0,1,1,
C:\Users\Katlin\Desktop\VGp 201\TEST\VGP201\SGE\Graphics\CWireFrame.cpp,CWireFrame::CWireFrame(const CWireFrame& rhs),10,7,5,1,1,0,2,5,
C:\Users\Katlin\Desktop\VGp 201\TEST\VGP201\SGE\Graphics\CWireFrame.cpp,CWireFrame::~CWireFrame(void),3,2,2,0,0,0,1,2,
C:\Users\Katlin\Desktop\VGp 201\TEST\VGP201\SGE\Graphics\CWireFrame.cpp,CWireFrame::Create(void),6,3,3,0,1,0,2,9,
C:\Users\Katlin\Desktop\VGp 201\TEST\VGP201\SGE\Graphics\CWireFrame.cpp,CWireFrame::Destroy(void),7,6,4,1,0,0,1,3,
C:\Users\Katlin\Desktop\VGp 201\TEST\VGP201\SGE\Graphics\CWireFrame.cpp,CWireFrame::Render(void),14,9,7,1,2,0,3,8,
C:\Users\Katlin\Desktop\VGp 201\TEST\VGP201\SGE\Graphics\CWireFrame.cpp,"CWireFrame::AddLine(float x0, float y0, float x1, float y1)",3,3,3,0,0,0,0,0,
C:\Users\Katlin\Desktop\VGp 201\TEST\VGP201\SGE\Graphics\CWireFrame.cpp,"CWireFrame::AddRect(float x, float y, float w, float h)",5,5,5,0,0,0,0,0,
C:\Users\Katlin\Desktop\VGp 201\TEST\VGP201\SGE\Graphics\CWireFrame.cpp,"CWireFrame::AddCircle(float x, float y, float r)",11,9,7,1,1,0,1,8,
C:\Users\Katlin\Desktop\VGp 201\TEST\VGP201\SGE\Graphics\CWireFrame.cpp,CWireFrame::Purge(void),2,2,2,0,0,0,0,0,
C:\Users\Katlin\Desktop\VGp 201\TEST\VGP201\SGE\Graphics\CWireFrame.cpp,CWireFrame::SetLineWidth(float fLineWidth),2,2,2,0,0,0,0,0,
C:\Users\Katlin\Desktop\VGp 201\TEST\VGP201\SGE\Graphics\CWireFrame.cpp,CWireFrame::SetColor(DWORD rgb),2,2,2,0,0,0,0,0,
C:\Users\Katlin\Desktop\VGp 201\TEST\VGP201\SGE\Input\CDXInput.cpp,"EnumGamePadCallback(const DIDEVICEINSTANCE* pDIDeviceInstance, VOID* pContext)",11,8,6,2,1,0,2,10,
C:\Users\Katlin\Desktop\VGp 201\TEST\VGP201\SGE\Input\CDXInput.cpp,CDXInput::Get(void),9,6,4,2,1,0,2,13,
C:\Users\Katlin\Desktop\VGp 201\TEST\VGP201\SGE\Input\CDXInput.cpp,CDXInput::CDXInput(void),7,7,7,0,0,0,0,0,
C:\Users\Katlin\Desktop\VGp 201\TEST\VGP201\SGE\Input\CDXInput.cpp,CDXInput::Initialize(HWND hWindow),139,83,51,15,17,0,39,139,
C:\Users\Katlin\Desktop\VGp 201\TEST\VGP201\SGE\Input\CDXInput.cpp,CDXInput::Terminate(void),44,32,22,5,5,0,7,24,
C:\Users\Katlin\Desktop\VGp 201\TEST\VGP201\SGE\Input\CDXInput.cpp,CDXInput::Update(void),26,18,10,4,3,0,5,16,
C:\Users\Katlin\Desktop\VGp 201\TEST\VGP201\SGE\Input\CDXInput.cpp,CDXInput::IsKeyDown(int iKey) const,2,2,2,1,0,0,0,0,
C:\Users\Katlin\Desktop\VGp 201\TEST\VGP201\SGE\Input\CDXInput.cpp,CDXInput::IsKeyPressed(int iKey) const,5,4,4,1,1,0,0,0,
C:\Users\Katlin\Desktop\VGp 201\TEST\VGP201\SGE\Input\CDXInput.cpp,CDXInput::IsMouseDown(int iMouse) const,2,2,2,1,0,0,0,0,
C:\Users\Katlin\Desktop\VGp 201\TEST\VGP201\SGE\Input\CDXInput.cpp,CDXInput::IsMousePressed(int iMouse) const,5,4,4,1,1,0,0,0,
C:\Users\Katlin\Desktop\VGp 201\TEST\VGP201\SGE\Input\CDXInput.cpp,CDXInput::GetMouseScreenX(void) const,2,2,2,1,0,0,0,0,
C:\Users\Katlin\Desktop\VGp 201\TEST\VGP201\SGE\Input\CDXInput.cpp,CDXInput::GetMouseScreenY(void) const,2,2,2,1,0,0,0,0,
C:\Users\Katlin\Desktop\VGp 201\TEST\VGP201\SGE\Input\CDXInput.cpp,CDXInput::IsMouseLeftEdge(void) const,2,2,2,1,0,0,0,0,
C:\Users\Katlin\Desktop\VGp 201\TEST\VGP201\SGE\Input\CDXInput.cpp,CDXInput::IsMouseRightEdge(void) const,2,2,2,1,0,0,0,0,
C:\Users\Katlin\Desktop\VGp 201\TEST\VGP201\SGE\Input\CDXInput.cpp,CDXInput::IsMouseTopEdge(void) const,2,2,2,1,0,0,0,0,
C:\Users\Katlin\Desktop\VGp 201\TEST\VGP201\SGE\Input\CDXInput.cpp,CDXInput::IsMouseBottomEdge(void) const,2,2,2,1,0,0,0,0,
C:\Users\Katlin\Desktop\VGp 201\TEST\VGP201\SGE\Input\CDXInput.cpp,CDXInput::GetMouseMoveX(void) const,2,2,2,1,0,0,0,0,
C:\Users\Katlin\Desktop\VGp 201\TEST\VGP201\SGE\Input\CDXInput.cpp,CDXInput::GetMouseMoveY(void) const,2,2,2,1,0,0,0,0,
C:\Users\Katlin\Desktop\VGp 201\TEST\VGP201\SGE\Input\CDXInput.cpp,CDXInput::GetMouseMoveZ(void) const,2,2,2,1,0,0,0,0,
C:\Users\Katlin\Desktop\VGp 201\TEST\VGP201\SGE\Input\CDXInput.cpp,CDXInput::IsGamePadButtonDown(int iButton) const,7,6,4,3,1,0,0,0,
C:\Users\Katlin\Desktop\VGp 201\TEST\VGP201\SGE\Input\CDXInput.cpp,CDXInput::IsGamePadButtonPressed(int iButton) const,10,8,6,3,2,0,0,0,
C:\Users\Katlin\Desktop\VGp 201\TEST\VGP201\SGE\Input\CDXInput.cpp,CDXInput::IsDPadUp(void) const,7,6,4,3,1,0,0,0,
C:\Users\Katlin\Desktop\VGp 201\TEST\VGP201\SGE\Input\CDXInput.cpp,CDXInput::IsDPadDown(void) const,7,6,4,3,1,0,0,0,
C:\Users\Katlin\Desktop\VGp 201\TEST\VGP201\SGE\Input\CDXInput.cpp,CDXInput::IsDPadLeft(void) const,7,6,4,3,1,0,0,0,
C:\Users\Katlin\Desktop\VGp 201\TEST\VGP201\SGE\Input\CDXInput.cpp,CDXInput::IsDPadRight(void) const,7,6,4,3,1,0,0,0,
C:\Users\Katlin\Desktop\VGp 201\TEST\VGP201\SGE\Input\CDXInput.cpp,CDXInput::GetLeftAnalogX(void) const,7,6,4,3,1,0,0,0,
C:\Users\Katlin\Desktop\VGp 201\TEST\VGP201\SGE\Input\CDXInput.cpp,CDXInput::GetLeftAnalogY(void) const,7,6,4,3,1,0,0,0,
C:\Users\Katlin\Desktop\VGp 201\TEST\VGP201\SGE\Input\CDXInput.cpp,CDXInput::GetRightAnalogX(void) const,7,6,4,3,1,0,0,0,
C:\Users\Katlin\Desktop\VGp 201\TEST\VGP201\SGE\Input\CDXInput.cpp,CDXInput::GetRightAnalogY(void) const,7,6,4,3,1,0,0,0,
C:\Users\Katlin\Desktop\VGp 201\TEST\VGP201\SGE\Input\CDXInput.cpp,CDXInput::UpdateKeyboard(void),34,25,15,3,2,0,7,28,
C:\Users\Katlin\Desktop\VGp 201\TEST\VGP201\SGE\Input\CDXInput.cpp,CDXInput::UpdateMouse(void),48,35,21,7,4,0,9,33,
C:\Users\Katlin\Desktop\VGp 201\TEST\VGP201\SGE\Input\CDXInput.cpp,CDXInput::UpdateGamePad(void),64,47,27,6,4,0,13,57,
C:\Users\Katlin\Desktop\VGp 201\TEST\VGP201\SGE\Misc\CIniFile.cpp,CIniFile::Get(void),9,6,4,2,1,0,2,13,
C:\Users\Katlin\Desktop\VGp 201\TEST\VGP201\SGE\Misc\CIniFile.cpp,CIniFile::CIniFile(void),2,1,1,0,0,0,1,1,
C:\Users\Katlin\Desktop\VGp 201\TEST\VGP201\SGE\Misc\CIniFile.cpp,CIniFile::~CIniFile(void),2,2,2,0,0,0,0,0,
C:\Users\Katlin\Desktop\VGp 201\TEST\VGP201\SGE\Misc\CIniFile.cpp,CIniFile::Load(const char* pFilename),70,45,30,6,10,0,15,60,
C:\Users\Katlin\Desktop\VGp 201\TEST\VGP201\SGE\Misc\CIniFile.cpp,CIniFile::Unload(void),14,9,7,1,2,0,3,11,
C:\Users\Katlin\Desktop\VGp 201\TEST\VGP201\SGE\Misc\CIniFile.cpp,"CIniFile::GetInt(const char* pTag, int iDefault) const",13,10,6,4,1,0,2,11,
C:\Users\Katlin\Desktop\VGp 201\TEST\VGP201\SGE\Misc\CIniFile.cpp,"CIniFile::GetBool(const char* pTag, bool bDefault) const",13,10,6,4,1,0,2,11,
C:\Users\Katlin\Desktop\VGp 201\TEST\VGP201\SGE\Misc\CIniFile.cpp,"CIniFile::GetFloat(const char* pTag, float fDefault) const",13,10,6,4,1,0,2,11,
C:\Users\Katlin\Desktop\VGp 201\TEST\VGP201\SGE\Misc\CIniFile.cpp,"CIniFile::GetString(const char* pTag, const char* pDefault) const",13,10,6,4,1,0,2,11,
C:\Users\Katlin\Desktop\VGp 201\TEST\VGP201\SGE\Misc\CSplashScreen.cpp,"MessageRouter(HWND hWindow, UINT uMessage, WPARAM wParam, LPARAM lParam)",18,14,8,4,1,0,3,22,
C:\Users\Katlin\Desktop\VGp 201\TEST\VGP201\SGE\Misc\CSplashScreen.cpp,CSplashScreen::CSplashScreen(),2,1,1,0,0,0,1,1,
C:\Users\Katlin\Desktop\VGp 201\TEST\VGP201\SGE\Misc\CSplashScreen.cpp,CSplashScreen::~CSplashScreen(),2,1,1,0,0,0,1,1,
C:\Users\Katlin\Desktop\VGp 201\TEST\VGP201\SGE\Misc\CSplashScreen.cpp,CSplashScreen::Initialize(const char* pFilename),52,37,25,0,7,10,8,75,
C:\Users\Katlin\Desktop\VGp 201\TEST\VGP201\SGE\Misc\CSplashScreen.cpp,CSplashScreen::Terminate(void),13,8,6,1,2,0,3,8,
C:\Users\Katlin\Desktop\VGp 201\TEST\VGP201\SGE\Misc\CSplashScreen.cpp,CSplashScreen::Show(int iMilliSeconds),34,26,16,5,3,0,5,25,
C:\Users\Katlin\Desktop\VGp 201\TEST\VGP201\SGE\Misc\CSplashScreen.cpp,CSplashScreen::Hide(void),3,2,2,0,0,0,1,4,
C:\Users\Katlin\Desktop\VGp 201\TEST\VGP201\SGE\Misc\CSplashScreen.cpp,"CSplashScreen::SplashWindowProc(HWND hWindow, UINT uMessage, WPARAM wParam, LPARAM lParam)",13,10,6,3,1,0,2,10,
C:\Users\Katlin\Desktop\VGp 201\TEST\VGP201\SGE\Misc\CSplashScreen.cpp,CSplashScreen::OnPaint(void),20,13,11,1,4,0,3,12,
C:\Users\Katlin\Desktop\VGp 201\TEST\VGP201\SGE\Resource\CResource.cpp,CResource::CResource(void),2,1,1,0,0,0,1,1,
C:\Users\Katlin\Desktop\VGp 201\TEST\VGP201\SGE\Resource\CResource.cpp,CResource::~CResource(void),2,1,1,0,0,0,1,1,
C:\Users\Katlin\Desktop\VGp 201\TEST\VGP201\SGE\Resource\CResource.cpp,CResource::GetResourceID(void) const,2,2,2,1,0,0,0,0,
C:\Users\Katlin\Desktop\VGp 201\TEST\VGP201\SGE\Resource\CResource.cpp,CResource::GetRefCount(void) const,2,2,2,1,0,0,0,0,
C:\Users\Katlin\Desktop\VGp 201\TEST\VGP201\SGE\Resource\CResource.cpp,CResource::SetResourceID(Utility::Key kID),2,2,2,0,0,0,0,0,
C:\Users\Katlin\Desktop\VGp 201\TEST\VGP201\SGE\Resource\CResource.cpp,CResource::IncrementRefCount(void),3,2,2,0,0,0,1,4,
C:\Users\Katlin\Desktop\VGp 201\TEST\VGP201\SGE\Resource\CResource.cpp,CResource::DecrementRefCount(void),3,2,2,0,0,0,1,4,
C:\Users\Katlin\Desktop\VGp 201\TEST\VGP201\SGE\Resource\CResourceManager.cpp,CResourceManager::Get(void),9,6,4,2,1,0,2,13,
C:\Users\Katlin\Desktop\VGp 201\TEST\VGP201\SGE\Resource\CResourceManager.cpp,CResourceManager::CResourceManager(void),2,1,1,0,0,0,1,1,
C:\Users\Katlin\Desktop\VGp 201\TEST\VGP201\SGE\Resource\CResourceManager.cpp,CResourceManager::~CResourceManager(void),3,2,2,0,0,0,1,4,
C:\Users\Katlin\Desktop\VGp 201\TEST\VGP201\SGE\Resource\CResourceManager.cpp,CResourceManager::Initialize(int iPoolSize),20,10,8,1,4,0,6,23,
C:\Users\Katlin\Desktop\VGp 201\TEST\VGP201\SGE\Resource\CResourceManager.cpp,CResourceManager::Terminate(void),29,19,13,3,4,0,6,22,
C:\Users\Katlin\Desktop\VGp 201\TEST\VGP201\SGE\Resource\CResourceManager.cpp,CResourceManager::Destroy(CResource* pResource),31,22,14,4,3,0,6,43,
C:\Users\Katlin\Desktop\VGp 201\TEST\VGP201\SGE\Resource\CResourceManager.h,CResourceManager::Create(const char* pFilename),40,26,18,8,5,0,9,66,
C:\Users\Katlin\Desktop\VGp 201\TEST\VGP201\SGE\Resource\CResourceManager.h,CResourceManager::Find(Utility::Key id),21,15,9,6,2,0,4,22,
C:\Users\Katlin\Desktop\VGp 201\TEST\VGP201\SGE\Utility\Debug.cpp,Initialize(float fLineWidth),15,8,6,1,3,0,4,17,
C:\Users\Katlin\Desktop\VGp 201\TEST\VGP201\SGE\Utility\Debug.cpp,Terminate(void),16,11,7,2,2,0,3,9,
C:\Users\Katlin\Desktop\VGp 201\TEST\VGP201\SGE\Utility\Debug.cpp,"AddScreenLine(float x0, float y0, float x1, float y1, DWORD rgb)",15,10,6,2,2,0,3,19,
C:\Users\Katlin\Desktop\VGp 201\TEST\VGP201\SGE\Utility\Debug.cpp,"AddScreenRect(float x, float y, float w, float h, DWORD rgb)",22,17,13,2,2,0,3,19,
C:\Users\Katlin\Desktop\VGp 201\TEST\VGP201\SGE\Utility\Debug.cpp,"AddScreenCircle(float x, float y, float r, DWORD rgb)",25,18,12,3,4,0,3,19,
C:\Users\Katlin\Desktop\VGp 201\TEST\VGP201\SGE\Utility\Debug.cpp,Render(void),22,13,9,2,4,0,5,15,
C:\Users\Katlin\Desktop\VGp 201\TEST\VGP201\SGE\Utility\Key.h,MakeKey(const char* pString),10,8,6,2,2,0,0,0,
C:\Users\Katlin\Desktop\VGp 201\TEST\VGP201\SGE\Utility\Random.h,SetRandSeed(int iSeed),12,9,5,1,0,0,3,16,
C:\Users\Katlin\Desktop\VGp 201\TEST\VGP201\SGE\Utility\Random.h,"GetInt(int iLower, int iUpper)",6,3,3,1,1,0,2,15,
C:\Users\Katlin\Desktop\VGp 201\TEST\VGP201\SGE\Utility\Random.h,"GetFloat(float fLower, float fUpper)",6,3,3,1,1,0,2,15,
C:\Users\Katlin\Desktop\VGp 201\TEST\VGP201\SGE\Utility\Random.h,"GetVector2(const D3DXVECTOR2& v0, const D3DXVECTOR2& v1)",9,5,5,1,2,0,2,7,
C:\Users\Katlin\Desktop\VGp 201\TEST\VGP201\SGE\Utility\Random.h,"GetVector3(const D3DXVECTOR3& v0, const D3DXVECTOR3& v1)",10,6,6,1,2,0,2,7,
C:\Users\Katlin\Desktop\VGp 201\TEST\VGP201\SGE\Utility\Random.h,"GetColor(const D3DXCOLOR& c0, const D3DXCOLOR& c1)",11,7,7,1,2,0,2,7,
