Word,Count
the,958
,918
to,847
a,422
====================================================================================================,413
is,378
----------------------------------------------------------------------------------------------------,357
for,317
of,313
and,268
in,210
be,207
PlayStation,196
sound,194
this,151
with,143
-,142
if,141
on,135
FMOD,134
This,133
can,124
or,117
that,116
will,113
=,113
file,112
it,109
not,105
[in],104
are,104
from,103
use,100
0,96
log,96
only,93
Write,90
used,88
The,87
have,86
Check,82
channel,80
memory,80
output,79
by,75
we,75
instance,74
as,71
data,71
\,\,69
Default,69
when,66
\2,\,64
\Xbox360,\,63
\Portable,\,63
value,63
[PLATFORMS],63
\3,\,63
[REMARKS],63
],63
\Linux64,\,63
[DESCRIPTION],63
\Macintosh,\,63
[SEE_ALSO],63
\Linux,\,63
[,63
\Xbox,\,63
\Win32,\,63
sounds,63
\GameCube,\,63
\Win64,\,63
[in/out],61
Specify,60
an,60
time,59
If,59
set,58
objects,58
default,58
Function,56
by:,55
Filename:,55
Chan,55
Peter,55
DSP,55
speaker,55
function,55
Created,55
you,54
unit,53
0.0,53
Functions,52
reverb,52
1.0,52
For,52
number,50
Includes,50
at,50
Class,49
device,49
Use,49
system,47
user,46
ignore,45
format,45
types,45
/,44
created,43
Optional,43
flag,43
class,42
hardware,41
called,40
resource,39
channels,39
\Wii,\,38
effect,38
all,37
was,37
loaded,36
level,36
Set,36
[ENUM],36
each,35
\Solaris,\,35
1,35
has,35
functions,35
parameter,35
iPhone,35
but,34
#ifndef,34
so,34
callback,34
new,34
2,33
PCM,33
Members,33
filter,33
right,33
codec,32
singleton,32
(ie,32
front,31
played,31
more,30
count,30
Create,30
using,29
Wii,29
[out],29
API,29
Declarations,28
into,28
mean,28
initialized,28
which,27
get,27
plugin,27
return,27
frequency,27
internals,26
marked,26
Definitions,26
window,26
specify,26
specified,26
should,26
texture,26
Description:,26
means,25
supported,25
signal,25
software,25
Event,24
playing,24
type,24
values,24
error,24
call,24
All,24
support,24
based,24
must,23
sprite,23
do,23
rendering,23
information,23
first,23
control,22
header,22
32bit,22
then,22
echo,22
sure,22
left,21
Sound,21
A,21
See,20
buffer,20
Makes,20
range,20
mode,20
pad,20
*,20
Release,20
game,20
already,20
reference,19
point,19
parameters,19
Empty,19
These,19
Get,19
stream,19
passed,19
what,19
these,19
Reverb,19
Maximum,19
interface,19
signed,18
set/get,18
It,18
pointer,18
Userdata,18
they,18
stereo,18
cannot,18
enum,18
variable,18
than,18
state,18
Constructor,17
size,17
3D,17
one,17
DSP::setParameter,17
System,17
example,17
everything,17
open,17
its,17
would,17
\left,\,17
mouse,17
made,17
being,17
create,17
some,16
change,16
To,16
Parameter,16
input,16
per,16
\0,\,16
delay,16
bytes,16
uses,16
subsounds,16
\0.0,\,16
Direct3D,16
any,16
:,16
also,16
[STRUCTURE],16
Namespace,16
FMOD_DSP_TYPE,16
FMOD_SOFTWARE,16
same,16
usage,15
random,15
Device,15
subsound,15
determine,15
Do,15
platforms,15
audio,15
Ranges,15
creation,15
callbacks,15
center,15
pitch,15
namespace,15
relative,15
structure,15
list,15
after,15
DSP::getParameter,15
integer,14
object,14
name,14
tag,14
want,14
formats,14
before,14
full,14
make,14
non,14
event,14
within,14
Update,14
Pointer,14
speakers,14
position,14
high,14
only),14
(must,14
no,14
100.0,13
found,13
line,13
mixer,13
functionality,13
side,13
System::update,13
Destructor,13
multichannel,13
read,13
\-10000,\,13
up,13
Ex,13
playback,13
different,13
4,13
Reset,13
room,13
listener,13
where,13
may,13
Can,13
maximum,12
filename,12
0.5,12
other,12
reading,12
render,12
loading,12
Keyboard,12
font,12
creating,12
supports,12
Channel::setSpeakerLevels,12
enough,12
When,12
Load,12
PS2,12
load,12
does,12
An,12
thread,12
platform,12
related,12
command,12
because,12
splash,12
sample,12
3,12
cutoff,11
wav,11
access,11
[DEFINE_END],11
how,11
screen,11
like,11
Clear,11
could,11
Add,11
allocated,11
version,11
System::init,11
(Default,11
Channel::setPan,11
original,11
[NAME],11
Unload,11
properties,11
samples,11
behavior,11
attributes,11
via,11
Xbox,11
[DEFINE],11
definition,11
Note,11
retrieval,10
color,10
written,10
statically,10
play,10
roll,10
while,10
decay,10
been,10
start,10
out,10
rear,10
between,10
network,10
reverberation,10
resources,10
They,10
through,10
own,10
0.1,10
entry,10
low,10
below,10
current,10
private,10
windows,10
string,10
\sound,\,10
Callback,10
main,10
null,10
User,10
message,9
codecs,9
FMOD_CREATECOMPRESSEDSAMPLE,9
20.0,9
their,9
\right,\,9
there,9
frequencies,9
every,9
renderer,9
6,9
terminated,9
extradriverdata,9
your,9
modified,9
Called,9
System::createSound,9
Currently,9
Channel,9
due,9
instead,9
manager,9
back,9
Statics,9
defined,9
most,9
(SUPPORTED:EAX,9
containing,9
flags,9
fmod,9
\1.0,\,9
quality,9
accessed,9
FMOD_HARDWARE,9
might,9
EAX,9
ADPCM,9
works,9
hz,9
need,9
valid,9
purposes,9
buffers,9
Current,9
many,9
update,9
sets,9
second,9
PS3,9
getMemoryInfo,9
mix,8
keyboard,8
Plugin,8
volume,8
Volume,8
loop,8
SGE,8
key,8
360,8
affects,8
space,8
very,8
cpu,8
FSB,8
just,8
application,8
timer,8
parent,8
Calculate,8
opening,8
such,8
etc,8
Time,8
lower,8
array,8
keys,8
Singleton,8
multi-sample,8
float,8
10.0,8
handle,8
FMOD_HARDWARE),8
MIDI,8
here,8
SFX,8
manipulation,8
Header,8
seek,8
them,8
constructor,8
ie,8
later,8
Appropriate,8
decode,8
yet,8
I3DL2,8
streams,8
vector,8
voices,8
Protected,8
On,8
Room,8
Static,8
System::setSoftwareFormat,8
Accessor,8
pass,7
find,7
environment,7
frame,7
Handle,7
Copyright,7
FMOD's,7
Init,7
files,7
source,7
setting,7
lowpass,7
Information,7
With,7
3d,7
Technologies,7
Structure,7
various,7
-10000.0,7
again,7
see,7
degrees,7
Open,7
'EnvSize',7
simple,7
static,7
global,7
FMOD_OUTPUTTYPE_DSOUND,7
multiple,7
connection,7
whatever,7
likely,7
No,7
documentation,7
1000,7
order,7
target,7
debug,7
Initialize,7
Mandatory,7
enumeration,7
extra,7
seed,7
logic,7
Error,7
rate,7
low-frequency,7
provided,7
length,7
Tried,7
Number,7
certain,7
EAX3,7
\Pty,\,7
returned,7
Sound::getLength,7
tap,7
signals,7
Ltd,7
\(c),\,7
Stereo,7
Mix,7
Firelight,7
allocate,7
mono,7
Native,7
useful,7
CDDA,7
devices,7
(SUPPORTED:EAX/I3DL2/Xbox1),7
depth,7
panned,7
Channel::setSpeakerMix,7
Win32,7
occured,7
sequenced,7
requires,7
decoded,7
wave,7
specific,7
2004-2009,6
way,6
FMOD_OPENUSER,6
\format,\,6
16bit,6
CResource,6
ms,6
Other,6
90,6
Memory,6
End,6
\it,\,6
envelope,6
Geometry,6
sentence,6
connect,6
sound's,6
shift,6
possible,6
settings,6
5,6
\output,\,6
text,6
another,6
having,6
tick,6
8,6
over,6
together,6
group,6
reflection,6
Windows,6
chorus,6
==========================================================================================,6
avoid,6
\used,\,6
public,6
too,6
startup,6
List,6
higher,6
late,6
soundcards,6
frequencies),6
member,6
display,6
contain,6
module,6
reset,6
Reference,6
==================================================,6
offset,6
EAX2,6
step,6
shutdown,6
Forward,6
struct,6
FMOD_REVERB_PROPERTIES,6
added,6
Name,6
unknown,6
5000.0,6
Helper,6
features,6
Sound::getTag,6
occlusion,6
initial,6
w[n],6
\FMOD_HARDWARE),\,6
tell,6
without,6
initialize,6
cross,6
(SUPPORTED:EAX/Xbox1/I3DL2/SFX),6
work,6
SoundGroup,6
5.1,6
Multichannel,6
Delay,6
initialization,6
structures,6
Draw,6
(SUPPORTED:EAX),6
width,6
above,6
tries,6
CD,6
2.0,6
(DEFAULT),6
22000.0,6
calls,6
\10.0,\,6
failed,6
add,6
mB,6
effects,6
driver,6
FMOD_CREATESOUNDEXINFO,6
virtual,6
setup,6
Construct,5
(0,5
geometry,5
wants,5
SoundGroup::setMaxAudible,5
Some,5
makes,5
category,5
\file,\,5
ASIO,5
index,5
true,5
don't,5
Specifies,5
Overrides,5
DirectSound,5
Terminate,5
optional,5
until,5
our,5
inside,5
getting,5
remarks,5
Constructors,5
CPU,5
Lowpass,5
Constants,5
hexadecimal,5
describing,5
result,5
animation,5
applied,5
fields,5
arrangements,5
case,5
acceleration,5
previous,5
calling,5
textures,5
versions,5
Not,5
contains,5
16,5
streaming,5
threshold,5
Channel::getPosition,5
produces,5
Debug,5
co-ordinate,5
were,5
actually,5
occurred,5
modulation,5
pool,5
FMOD_3D,5
rolloff,5
includes,5
\channel,\,5
writer,5
XMA,5
faded,5
whole,5
System::setAdvancedSettings,5
windowing,5
<u>To,5
algorithm,5
passing,5
Sound::getSubSound,5
available,5
Return,5
init,5
Any,5
area,5
during,5
Channel::setDelay,5
realtime,5
compressed,5
reads,5
Format,5
digits,5
Mono,5
sine,5
plugins,5
seconds,5
needed,5
audible,5
milliseconds,5
determined,5
System::getMemoryInfo,5
check,5
Game,5
graphics,5
By,5
Begin,5
modes,5
listed,5
Compressed,5
\time,\,5
ignored,5
Output,5
Every,5
engine,5
latency,4
freed,4
query,4
FMOD_OPENRAW,4
save,4
points,4
doesn't,4
Examples,4
In,4
changed,4
DLS,4
exits,4
under,4
Size,4
Channel::getDelay,4
manage,4
go,4
stop,4
HTTP,4
bitmap,4
distance,4
dialog,4
interpolation,4
allow,4
'numsubsounds',4
mp3,4
Chorus,4
scale,4
(SUPPORTED:EAX/Xbox1/GC/I3DL2/SFX),4
FMOD_EVENT_MEMBITS,4
present,4
MPEG,4
logging,4
sort,4
hash,4
Mac,4
ChannelGroup,4
mid,4
acquire,4
maps,4
groups,4
DirectInput,4
possibly,4
DS3D,4
unique,4
FMOD_MEMBITS,4
currently,4
simply,4
fft,4
Flange,4
C++,4
contained,4
speed,4
DSPConnection,4
FMOD_REVERB_PRESETS,4
Nintendo,4
question,4
FMOD_INITFLAGS,4
Cache,4
elapsed,4
\decompressed,\,4
generate,4
Try,4
Channelgroup,4
Each,4
itself,4
once,4
detailed,4
ID,4
100,4
allows,4
Only,4
code,4
Buffer,4
base,4
\channels,\,4
native,4
attack,4
Stream,4
32,4
re,4
puts,4
\stereo,\,4
50,4
Data,4
since,4
\codec,\,4
arrays,4
consume,4
Channel::setPosition,4
peaks,4
produce,4
property,4
Disable,4
those,4
Impulse,4
info,4
Make,4
Couldn't,4
max,4
behind,4
single,4
reflections,4
allocation,4
provide,4
FMOD_MODE,4
),4
FMOD_OPENMEMORY_POINT,4
even,4
subwoofer,4
invalid,4
give,4
provides,4
Playstation,4
adjust,4
implementation,4
flange,4
EAX4,4
declare,4
develop,4
Destroy,4
NULL,4
otherwise,4
next,4
trying,4
\documentation,\,4
opens,4
voice,4
classes,4
Search,4
Sound::getOpenState,4
7.1,4
messages,4
transform,4
linear,4
3rd,4
Value,4
limited,4
larger,4
mixed,4
correct,4
Close,4
end,4
amplifies,4
last,4
come,4
fail,4
filters,4
lost,4
table,4
feature,4
errors,4
rather,4
System::getDriverCaps,4
------------------------,4
simultaneously,4
gain,4
ready,3
resonance,3
MOD/S3M/XM/IT,3
search,3
reduce,3
encoded,3
author,3
panning,3
always,3
FMOD_CREATESAMPLE,3
typically,3
standard,3
presets,3
Sound::getFormat,3
pairs,3
top,3
somewhere,3
exact,3
important,3
callable,3
intensive,3
Sound::set3DCustomRolloff,3
special,3
opened,3
internally,3
attenuates,3
'polling',3
decrement,3
starting,3
caused,3
method,3
Obtain,3
density,3
somthing,3
CD/DVD,3
Frequency,3
markers,3
examples,3
Portable,3
tracks,3
mandatory,3
logarithmic,3
ratio,3
clock,3
leave,3
scene,3
\"\memoryused_array"\\,3
MP3,3
displayed,3
wanting,3
\example,\,3
octave,3
clear,3
small,3
store,3
done,3
required,3
address,3
minimum,3
10ms,3
subset,3
direct,3
take,3
either,3
attach,3
Internally,3
flRolloffFactor,3
n/N)),3
describe,3
FMOD_REVERB_CHANNELFLAGS,3
===================================================================================================,3
dry,3
left/right/center/rear,3
write,3
HF,3
CResourceManager,3
about,3
fades,3
mixing,3
Automatic,3
256,3
fill,3
COS(n/N),3
Attributes,3
Dolby,3
\subsounds,\,3
\files,\,3
resonant,3
File,3
streamer,3
decoding,3
Structs,3
problem,3
future,3
0.25,3
states,3
enumerated,3
\maximum,\,3
total,3
\setting,\,3
fmod's,3
500,3
raw,3
DSP::GetParameter,3
disconnection,3
desired,3
whenever,3
perform,3
follow,3
looping,3
increment,3
respectively,3
FMOD_SOUND_FORMAT,3
FMOD_INIT_SOFTWARE_HRTF,3
D3DX,3
track,3
bit,3
Solaris,3
(in,3
container,3
\1024,\,3
'piggyback',3
surround,3
meant,3
\PCM,\,3
party,3
pattern,3
drive,3
cursor,3
left/rear,3
silent,3
+,3
Anything,3
inputs,3
layer,3
\default,\,3
(attenuation,3
EAX4/SFX/GameCube/Wii,3
process,3
2d,3
\quality,\,3
processing,3
capabilities,3
\data,\,3
reduction,3
given,3
\unit,\,3
FSB/DLS/SF2),3
FMOD_SPEAKERMODE_7POINT1,3
shapes,3
working,3
lock,3
friend,3
Used,3
'default',3
Codecs,3
Channel::set3DCustomRolloff,3
Start,3
\FMOD_OPENMEMORY_POINT,\,3
register,3
String,3
\mono,\,3
cooperative,3
Gain,3
according,3
initializing,3
Values,3
path,3
silence,3
Cannot,3
writer's,3
least,3
FFT,3
floating,3
normally,3
defines,3
Scaling,3
height,3
As,3
VAG,3
song,3
saved,3
Bit,3
So,3
create/destroy,3
soundcard,3
-1,3
Show,3
\center,\,3
defaults,3
operation,3
host,3
entries,3
2000.0,3
Will,3
block,3
Stop,3
FMOD_REVERB_CHANNELPROPERTIES,3
analysis,3
Simple,3
There,3
GameCube,3
\frequency,\,3
bank,3
Read,3
allowed,3
relevant,3
equivalent,3
Usually,3
\zero,\,3
wrapper,3
Length,3
\specified,\,3
request,3
equal,3
associated,3
Acquire,3
amplification,3
(at,3
|,3
Typedefs,3
copy,3
FPS,3
Digital,3
Q,3
Profiler,3
units,3
development,3
Instance,3
definitions,3
map,3
dsp,3
delays,3
Store,3
DSP::SetParameter,3
Text,3
affect,3
System::createStream,3
comes,3
ever,3
giving,3
Standard,3
System::addDSP,3
constants,3
Connection,3
model,3
Reverberation,3
Win32/Win64,3
termination,3
Texture,3
FMOD_REVERB_FLAGS,3
returns,3
connections,3
.IT,3
Render,3
FMOD_SPEAKERMODE_5POINT1,3
True,3
Microsoft,3
amounts,3
\in,\,3
ram,3
bits,3
(contain,2
disc,2
feedback,2
GC,2
DESCRIPTION,2
interoplation,2
Codec,2
Specifying,2
calculate,2
loader,2
obtaining,2
id,2
int,2
left/side,2
Definition,2
FMOD_OUTPUTTYPE_WAVWRITER,2
registerMemoryFSB,2
help,2
built,2
limiter,2
mid-frequency,2
channelgroup,2
Splash,2
\tracks),\,2
\-10,000\,2
(possibly,2
regain,2
angle,2
date,2
ref,2
load/unload,2
\listener,\,2
happen,2
physical,2
attained,2
seeking,2
System::setSpeakerMode,2
MAX,2
high-frequency,2
\echo,\,2
Screen,2
.MID,2
Repaint,2
maxchannels,2
decompressed,2
Highpass,2
waveformat,2
\disk,\,2
\yet,\,2
---------------------,2
backwards,2
Pass,2
release,2
re-allocates,2
run,2
\.MP3,\,2
High,2
.AIFF,2
FMOD_PRESET_GENERIC,2
Must,2
============================================================================================,2
Realtime,2
\stream,\,2
wet,2
individual,2
increase,2
Sound::getNumSubSounds,2
DMA,2
Sound::getName,2
codes,2
Random,2
external,2
FMOD_SPEAKERMODE_STEREO,2
percent,2
C,2
'SoundGroup',2
<b>SUPPORTED</b>,2
include,2
\position,\,2
SGE_Graphics.cpp,2
best,2
<b>Note!</b>,2
e.g,2
chain,2
adding,2
\MP3,\,2
causes,2
syncpoint,2
General,2
meaning,2
Larger,2
clean,2
Window,2
Prologic,2
fast,2
against,2
\7.1,\,2
sudden,2
Reducing,2
\filter,\,2
alignment,2
System::getPluginInfo,2
FMOD_SYSTEM_CALLBACK,2
background,2
preferred,2
commanddata,2
CURRENTLY,2
\.WMA,\,2
distribution,2
Hz,2
SoundGroup::setMuteFadeSpeed,2
Shutdown,2
bytes),2
started,2
Support,2
down,2
fed,2
however,2
System::playSound,2
nothing,2
controls,2
secondary,2
menu,2
properly,2
preset,2
256k,2
Position,2
encrypted,2
you'd,2
two,2
8bit,2
\network,\,2
projects,2
requested,2
detected,2
Note:,2
vertex,2
systems,2
LF,2
duplicating,2
wasn't,2
members,2
Convert,2
Vista,2
multi,2
datatypes,2
Normally,2
\so,\,2
netstreams),2
M,2
ID3DXSprite,2
1+,2
FMOD_FILE_SEEKCALLBACK,2
\groups,\,2
Bernsee,2
instruments),2
levels,2
dimensions,2
final,2
mpeg,2
EventSystem::getMemoryInfo,2
coming,2
dynamic,2
combination,2
density),2
Array,2
SoundGroup::setMaxAudibleBehavior,2
Bitfield,2
\"\name_or_data"\\,2
destroyed,2
PS2),2
GCADPCM/VAG,2
Synchronization,2
generates,2
WII,2
diffusion,2
24bit,2
recorded,2
users,2
Ratio,2
datawidth,2
ASPI,2
zero,2
Can't,2
obstruction,2
Polygon,2
FMOD_CHANNEL_CALLBACK,2
detect,2
(0-360),2
\memory,\,2
min,2
unity,2
NOTE:,2
HRTF,2
10,2
\FMOD_SOUND_FORMAT_PCM16,\,2
particular,2
MusicSystem,2
http://developer.creative.com/,2
large,2
Labs,2
attempt,2
=============================================================================================,2
Lock,2
EventSystem,2
unlock,2
authentication,2
FMOD_OPENMEMORY,2
override,2
Plug-in,2
begins,2
System::unloadPlugin,2
handler,2
COS(2.0,2
200,2
System::getAdvancedSettings,2
placed,2
Mode,2
probably,2
maxdistance,2
Update(),2
numerical,2
SRAM,2
\number,\,2
refills,2
similar,2
400ms,2
Dry,2
Implementation,2
maxMPEGcodecs,2
specifies,2
structs,2
\events,\,2
please,2
0.0f,2
swap,2
Fill,2
tags,2
implements,2
\512,\,2
'length',2
dissapear,2
wrote,2
sides,2
System::setOutput,2
tells,2
D3D,2
around,2
Channel::set3DOcclusion,2
represented,2
bool,2
spectrum,2
Validate,2
DEFAULT,2
metadata,2
quiet,2
attempted,2
Wii/PSP,2
Advanced,2
Previous,2
DSP::addInput,2
responsible,2
EventProject,2
(equivalent,2
elsewhere,2
cause,2
quickly,2
CORE,2
Decompress,2
COM,2
We,2
tasks,2
bad,2
Font,2
writing,2
Raw,2
transformed,2
Late,2
Rotation,2
FMOD_FILE_READCALLBACK,2
OR'd,2
DLS/SF2,2
EQ,2
velocity,2
cycle,2
numsubsounds,2
ahead,2
'System',2
running,2
stops,2
bunch,2
Linux/Linux64,2
<u>Loading,2
\decibels,\,2
double,2
normal,2
Remember,2
wireframe,2
footprint,2
resampling,2
rounding),2
64,2
Character,2
three,2
Flags,2
combine,2
dictates,2
hiss,2
decoder,2
conjunction,2
adds,2
Color,2
Arrow,2
(dB),2
\changed,\,2
graphic,2
free,2
music,2
post-init,2
blending,2
swapped,2
indepth,2
-100,2
interested,2
ID3DXLine,2
updated,2
Diffus,2
pointers,2
(the,2
precisely,2
needs,2
System::getSoftwareFormat,2
FMOD_CODEC_METADATACALLBACK,2
become,2
except,2
\linear,\,2
\1000,\,2
put,2
ends,2
captured,2
times,2
factory,2
copies,2
early,2
System::getSpeakerMode,2
Main,2
reused,2
System::setDSPBufferSize,2
0.3,2
Tracker,2
char,2
(optional),2
Numpad,2
handed,2
Non-realtime,2
'Reverb',2
treated,2
\scale,\,2
loaded/read,2
cast,2
indices,2
\.WAV,\,2
\index,\,2
critical,2
Channel::addDSP),2
'Geometry',2
System::getDSPClock,2
programming,2
'Channel',2
Filename,2
additional,2
(changes,2
X,2
them),2
Copy,2
slot,2
You,2
internal,2
OR,2
mainly,2
require,2
0.04,2
Objects,2
orientation,2
socket,2
GameCube/Wii,2
rotation,2
\reverb,\,2
applications,2
goes,2
'Sound',2
(D3DFMT_UNKNOWN,2
==============================================================================================,2
Initialization,2
System::setCallback,2
Access,2
\Samples,\,2
delayhi,2
card,2
EventGroup,2
mindistance,2
Object,2
180,2
FMOD_OUTPUTTYPE_WAVWRITER_NRT,2
Leave,2
decodes,2
Extended,2
(hw,2
bitwise,2
wad/pak),2
FMOD_DSP_TYPE_PARAMEQ,2
matrix,2
Seeking,2
Requires,2
Recording,2
microphone,2
System::createDSP,2
couldn't,2
etc),2
FMOD_SPEAKERMODE_RAW,2
2D,2
\looping,\,2
1000.0,2
samplerate,2
close,2
\volume,\,2
LPCM,2
both,2
correction,2
\this,\,2
Increment,2
50%,2
defining,2
segments,2
Hide,2
FMOD_DSP_TYPE_ITLOWPASS,2
Panning,2
modifies,2
style,2
switch,2
had),2
System::setReverbProperties,2
determines,2
Useful,2
(D3DX_DEFAULT_NONPOW2,2
Pre-init,2
Sound::release,2
'downloads',2
descriptions,2
emitter,2
250.0,2
overwrite,2
Init/Close,2
'DSPConnection',2
Nested,2
Y,2
Decay,2
Loading,2
Echo,2
Sound/DSP/Channel/FX,2
Message,2
Defines,2
lists,2
short,2
accurate,2
unaffected,2
\sounds),\,2
banks,2
lines,2
math,2
Pitch,2
'DSP',2
treat,2
speakermode,2
shifter,2
Style,2
Memory_Initialize,2
DTS,2
anything,2
\5.1,\,2
(multiple,2
interpreted,2
catch-all,2
DirectX,2
peak,2
noise,2
changes,2
Overloaded,2
particles,2
Register,2
operators,2
Creative,2
supposed,2
Complex,2
attached,2
accessable,2
categories,2
twice,2
delete,2
Dimensions,2
'ChannelGroup',2
\resonance,\,2
20000.0,2
(SUPPORTED:EAX/SFX),2
triangle,2
subsystem,2
overwrites,2
attribute,2
phase,2
Xbox1,2
tree,2
draw,2
(contains,2
\(milliseconds),\,2
initialize/terminate,2
\win32,\,2
size/no,2
Macintosh,2
Mainly,2
reasons,2
performed,2
(recursively,2
\System::addDSP),\,2
\milliseconds,\,2
\1000.0,\,2
ripping,2
suggested,2
'<i>maxchannels</i>',2
wheras,2
MOD/S3M/XM/IT/MID,2
flexible,2
CIniFile.h,2
\with,\,2
pause,2
\[0,0,0],\,2
managing,2
methods,2
System::set3DSpeakerPosition,2
Mouse,2
apply,2
capture,2
Network,2
directly,2
accounted,2
selected,2
whether,2
AirAbsorptionHF,2
product,2
FMOD_NONBLOCKING,2
Stephan,2
FEV,2
relation,2
Channel::setCallback,2
\formats,\,2
Navigation,2
now,2
\overhead,\,2
During,2
System::setStreamBufferSize,2
(hz),2
program,2
DSP::showConfigDialog,2
section,2
Description,2
Xbox360,2
NTSCSI,2
FMOD_SPEAKERMODE_MONO,2
Enable,2
config,2
overhead,2
output's,2
embedded,2
\non-zero,\,2
\attribute,\,2
System::getOutput,2
\polyphony,\,2
optimal,2
smooth,2
Sound::lock,2
(SUPPORTED:I3DL2/Xbox1/SFX),2
dimension,2
enabled,2
Direct,2
modify,2
blockalign,2
MIN,2
amount,2
instances,2
Gamecube,2
System::getMasterChannelGroup,2
Sync,2
1.0f,2
FMOD_SPEAKERMAPTYPE,2
configure,2
FMOD_CREATESTREAM,2
Operation,2
hi/lo,1
sounds),1
tty,1
Non,1
looping/interpolation/mixing,1
(decompressed),1
Waveform,1
cards,1
\'defaultfrequency,\,1
enums,1
\point,\,1
Order,1
FMOD_DSP_TYPE_COMPRESSOR,1
stopped,1
Env,1
directory,1
frames,1
selectable,1
FMOD_SOUND_TYPE_UNKNOWN,1
uniform,1
'subsounds',1
inclusionlist,1
CTimer.h,1
System::getNumPlugins,1
jump,1
System::getChannel,1
Width,1
\audible,\,1
userdata,1
'just,1
cleared,1
(0.48829,1
System::getDriverInfo,1
-1000,1
XPhysicalFree,1
iLower,1
feeding,1
<smb@dspdimension.com>,1
altered,1
Remove,1
configurable,1
addressed,1
(based,1
remote,1
FMOD_DSP_TYPE_ITECHO,1
IT,1
'up,1
braces,1
(seeking),1
corrupted,1
woken,1
\FSB,\,1
enumerations,1
Reverb',1
8060hz),1
(known,1
\bytes,\,1
(all,1
place,1
FMOD_LOOP_BIDI,1
\started,\,1
Unitialized,1
cone,1
10),1
Declare,1
define,1
Normalize,1
fmodps3.h,1
vertical,1
FMOD_OUTPUT_DESCRIPTION,1
Key,1
str/str,1
mismatches,1
slight,1
dspclock,1
slow,1
FMOD_REVERB_CHANNELFLAGS_ENVIRONMENT3,1
quietest,1
subchannels,1
ASX/PLS/M3U/WAX,1
High-frequency,1
convert,1
Slowest,1
\set,\,1
InputTypes.h,1
requirements,1
processed,1
Debug::Initialize(),1
OFF,1
(i.e,1
Engine,1
tones,1
GDI,1
\.FSB/.DLS/.SF2,\,1
NOT,1
IMPORTANT,1
forbidden,1
FMOD_MEMORY_REALLOCCALLBACK,1
\short,\,1
'Direct',1
SoundGroup::getMaxAudibleBehavior,1
Environment,1
Opens,1
Geometry::setScale,1
sync,1
architecture,1
WASAPI,1
CSound.cpp,1
FMOD_DSP_STATE,1
\WAV,\,1
Debug::Terminate(),1
Switch,1
DISABLED,1
8000.0,1
FMOD_System_Init/Close,1
CDXGraphics.cpp,1
less,1
MOD,1
duller,1
(SUPPORTED:EAX/GC),1
ignores,1
succeed,1
WAV,1
FMOD_TAGTYPE,1
right/side,1
Allocation,1
\streaming,\,1
presentation,1
22050.0),1
single-,1
unicode,1
Quality,1
Due,1
(FMOD_SPEAKER)7,1
longer,1
mapping,1
targets,1
loud,1
FMOD_2D,1
48khz,1
timed,1
middle,1
FMOD_SPEAKER_FRONT_LEFT,1
URL,1
\System::createSound,\,1
\future),\,1
Prologic/Prologic2,1
multi-band,1
FMOD_OUTPUTTYPE_NOSOUND,1
\normal,\,1
\Tracker,\,1
Geometry::getScale,1
FMOD_OUTPUTTYPE_ALSA,1
stl,1
vorbis,1
Apply,1
big,1
repeats,1
compatible,1
clearer,1
explanation,1
SGE_Math.cpp,1
HW,1
complex,1
FMOD_64BIT_SUB,1
finds,1
Channel::setReverbProperties,1
retrieves,1
openend,1
Always,1
\plugin,\,1
FMOD_CODEC_WAVEFORMAT,1
allocates,1
Channel::isPlaying,1
\(yellow),\,1
happened,1
Vista),1
forth,1
assignments,1
FMOD::DSP,1
\sequentially,\,1
mute,1
manages,1
resetting,1
Transform,1
Move,1
successive,1
\"\memorybits"\\,1
id3v2/asf/etc,1
PER,1
choose,1
THIS,1
Xbox),1
IMAADPCM,1
italic,1
points/mode,1
\(1024,\,1
Cyclic,1
Bits,1
RAW,1
\20,512\,1
0.007,1
ELogMessageType_ERROR,1
Based,1
(echo,1
(by,1
WM_PAINT,1
Protracker,1
ATRAC,1
Variable,1
Channel::getReverbProperties,1
method),1
\(FALSE),\,1
Returned,1
FMOD_MEMORY_TYPE,1
\"\event_memorybits"\\,1
helps,1
Blockalign,1
Route,1
Z,1
ignoring,1
Cleanup,1
prop,1
\SFX,\,1
types:,1
above),1
bar,1
\pairs,\,1
correctly,1
\Bytes,\,1
SUPPORTED,1
samples),1
searches,1
consumes,1
Controls,1
remarks),1
initialised,1
(Hardware),1
callback),1
Low,1
\FMOD_OPENMEMORY,\,1
(specified,1
(number,1
\based,\,1
radians,1
highly,1
Sound::getLength/Channel::setPosition,1
'echo',1
automatically,1
ANY,1
independant,1
Template,1
\completion,\,1
placement,1
polyphonic,1
FMOD_MEMORY_ALLOCCALLBACK,1
\physical,\,1
Changes,1
rectangle,1
Gives,1
'decodebuffersize',1
H/W,1
Or,1
>0,1
FMOD_INIT_ENABLE_PROFILE,1
DecTm,1
Externs,1
distorts,1
you),1
\importance),\,1
(Software),1
Wii),1
Channel::get3DCustomRolloff,1
+X,1
+Y,1
Resume,1
reverbs,1
included,1
Translation,1
flexibility,1
events,1
initialising,1
'pcmseekcallback',1
skipping,1
non-blocking,1
accepts,1
towards,1
FMOD_SOUND_TYPE,1
Offset,1
Winamp,1
generally,1
excluded,1
decode),1
persistent),1
(SUPPORTED:EAX/PS2/GC/WII),1
freeverb,1
pauses,1
FMOD_DSP_TYPE_LOWPASS_SIMPLE,1
FMOD_DELAYTYPE_DSPCLOCK_START,1
SoundGroup::getMaxAudible,1
FMOD_DSP_TYPE_OSCILLATOR,1
dashboard,1
noisy,1
Chrous,1
<b>Xbox,1
button,1
.075,1
FMOD_TIMEUNIT_BUFFERED,1
0-23),1
regards,1
Slower,1
streams',1
Specified,1
helper,1
InvalidateDeviceObjects();,1
Attempted,1
compensate,1
ejected,1
Proxy,1
Callbacks,1
\CResourceManager,\,1
aaaa,1
bidirectional,1
COPYRIGHT,1
deep,1
POINT,1
Lower,1
natural,1
exclusion,1
try,1
REF),1
29720,1
modulating,1
transient,1
Pan,1
besides,1
alleviate,1
iUpper,1
phrase,1
CTimer::Get(),1
Make-up,1
replaced,1
speeding,1
going,1
Hardware,1
SGE_Audio.h,1
4k,1
feed,1
\"\Channel"\\,1
low-frequencies,1
issued,1
\2,136\,1
SGE_Math.h,1
PCM),1
know,1
-----------------------,1
.wav,1
socket-related,1
hi-res,1
\decay,\,1
Decrement,1
remedy,1
Presentation,1
\"\Cutoff\,1
25,1
Audio.h,1
'spacious',1
\FMOD_TIMEUNIT_SENTENCE_PCMBYTES,\,1
30,1
Increase,1
Customizable,1
\effect,\,1
Steinberg,1
numoutputchannels,1
Failed,1
Ls,1
HRTFMaxAngle),1
takes,1
'inclusionlist',1
System::release,1
sub-classes,1
<b><u>This,1
Settings,1
slowing,1
Threshold,1
removed,1
details,1
sources,1
\"\hz"\)\,1
names,1
FMOD_OUTPUT_STATE,1
Fastest,1
\"\destroy"\\,1
\2000hz,\,1
lossless,1
performance),1
RefDel,1
form,1
following,1
flDopplerFactor,1
CTimer.cpp,1
transformations,1
can't,1
\called,\,1
Writes,1
FMOD_OUTPUTTYPE_PS3,1
FMOD_DSP_TYPE_SFXREVERB,1
long,1
0.55,1
balance,1
locked,1
\event,\,1
assigned,1
\playing,\,1
ones,1
Unwanted,1
Random::SetRandSeed(),1
(>2),1
INI,1
Software,1
compression,1
\passed,\,1
Rolloffscale,1
port,1
playing),1
counted,1
Reflect,1
third,1
readfrommixer,1
disable),1
(unless,1
\OnTerminate(),\,1
(more,1
burst,1
Pause,1
doing,1
joystick,1
Win32/Wii/PS3/Xbox/Xbox,1
destroy,1
english,1
(modal,1
front',1
\Instead,\,1
\instead,\,1
fmodps2.h,1
FMOD_DSP_TYPE_ECHO,1
skipping/stuttering,1
\boolean,\,1
Jitter,1
FMOD_GC_INFO,1
CApplication.h,1
Weight,1
Passing,1
painting,1
Channel::setMode,1
(SUPPORTED:EAX/Xbox1/GC),1
reached,1
CSprite.cpp,1
Short,1
mind,1
\not,\,1
'sound,1
linked,1
\ADPCM,\,1
'index',1
over-amplification,1
world),1
consumption,1
sawup,1
item,1
bitfield,1
10hz,1
0.83,1
VBR,1
Image,1
Using,1
\silent,\,1
FMOD_INIT_STREAM_FROM_UPDATE,1
adapter,1
0.35875,1
wrong,1
Rs,1
Level,1
FMOD_DSP_REVERB,1
FMOD_DELAYTYPE_END_MS,1
chunk,1
COS(1.0,1
remain,1
increments,1
exclusive,1
\scaling,\,1
inefficient,1
forward,1
SoundManager,1
Percentage,1
trigger,1
Debug.cpp,1
EchoTm,1
FMOD_OUTPUTTYPE_PS2,1
GameCube),1
CDXGraphics::Get(),1
filtering,1
specification,1
no-clip,1
\processor,\,1
4000.0,1
predefined,1
Inst,1
stalling,1
Windowing,1
located,1
deeper,1
TRI(2n/N),1
Refl,1
\/System/Library/Components/CoreAudio.component/Contents/Resources/gs_instruments.dls,\,1
clipping/distortion,1
receive,1
Done,1
\MP2,\,1
excess,1
Audio,1
limitation,1
\assignments,\,1
reaches,1
MipMap,1
FMOD_DSP_TYPE_FLANGE,1
created/loaded,1
dont,1
checks,1
artifacts,1
description,1
Mip-map,1
Channel::SetSpeakerLevels,1
Misc.h,1
SGE_UI.h,1
slider,1
\source,\,1
RRlOff,1
virtually,1
RevDel,1
good,1
\/windows/system32/drivers/etc/gm.dls,\,1
portion,1
\device,\,1
Poll,1
implemented,1
\tags,\,1
playlists,1
'out',1
\FMOD_TIMEUNIT_SENTENCE_MS,\,1
(unprocessed),1
\attenuating,\,1
4.0,1
LFRef,1
Systems,1
raise,1
allowable,1
FMOD_TIMEUNIT_SENTENCE_SUBSOUND,1
headers),1
monaural,1
curve,1
http://msdn2.microsoft.com/en-us/library/bb172588.aspx,1
\D3DPOOL_DEFAULT,\,1
\structure,\,1
System::setDriver,1
FastTracker,1
Mac),1
sample',1
http://msdn2.microsoft.com/en-us/library/aa383713.aspx,1
maxPCMcodecs,1
extend,1
\again,\,1
Dreampoint,1
\hardware,\,1
FMOD_CODEC_STATE,1
(relative,1
HAL,1
including,1
along,1
(fmodL),1
Possibly,1
\WAV/AIFF/MP3,\,1
exceeded,1
fileformat,1
cc,1
EAX5/SFX,1
Channel::get3DAttributes,1
\(normal),\,1
bandpass,1
accumulate,1
desirable,1
FMOD_OPENONLY,1
Linux/Linux64/Solaris),1
flip,1
halving,1
Soundcard,1
lock/unlock/getposition,1
Without,1
128),1
dependancy,1
\playback,\,1
\FMOD_FILE_OPENCALLBACK,\,1
Struct,1
CResource.h,1
Commit,1
Key.h,1
DecHF,1
greater,1
history,1
louder,1
System::set3DListenerAttributes,1
QueryInterface,1
FMOD_MEMORY_FREECALLBACK,1
\to,\,1
FMOD_SPEAKER,1
notes,1
numchannels,1
XPhysicalAlloc.),1
win32,1
bb,1
fadetime,1
\abnormalities,\,1
show/hide,1
declaring,1
OnMainLoop(),1
counter,1
0xaaaabbcc,1
jitter,1
Graphics,1
1.49,1
requiring,1
maxinputchannels,1
compared,1
CTexture.cpp,1
\2048,\,1
\0.25,\,1
System_Create,1
head),1
optimization,1
waking,1
CSpriteRenderer.h,1
right',1
distort,1
factor,1
quit,1
mapped,1
cleanup,1
saving,1
path/filename,1
differs,1
\buffers,\,1
createSound,1
\machines,\,1
tried,1
unaware,1
periodically,1
Diffusion,1
(linked,1
\channels"\\,1
(we,1
instances)/GC,1
Graphics.h,1
FMOD_CODEC_GETWAVEFORMAT,1
C/C++,1
http://local.wasp.uwa.edu.au/~pbourke/geometry/lineline2d/,1
0.03,1
Tell,1
length.</u>,1
exists,1
decides,1
Loopstart,1
Wet,1
vertices,1
manually,1
Frames,1
Win32/Mac/Linux/Solaris,1
\length,\,1
fade,1
RefPan,1
bound,1
console,1
EchDp,1
location,1
simulate,1
\first,\,1
Sound::get3DCustomRolloff,1
combined,1
little,1
else,1
EAX5,1
Neural,1
never,1
200ms,1
(default,1
System::init),1
transparency,1
Mpeg,1
FMOD_TIMEUNIT_SENTENCE,1
Linux/Linux64/Solaris,1
7th,1
RmLF,1
seen,1
emphasis,1
Delete,1
\System::getDSPHead),\,1
CDXInput::Get(),1
Windows),1
1.1,1
Now,1
Handler,1
(0.08,1
left'/'surround,1
configuring,1
square,1
intefering,1
(-1,1
contact,1
connected,1
delay),1
startup/shutdown,1
\29,424\,1
'inclusionlistnum',1
Types,1
task,1
CResourceManager.h,1
WAVEFORMATEXTENSIBLE,1
scanning,1
Allocate,1
checkbox,1
Sprite,1
template,1
FMOD_DSP_ITECHO_LEFTDELAY,1
MOD/S3M/XM/IT/MIDI,1
128,1
TRUE,1
half,1
solve,1
immediately,1
Loopend,1
decompressing,1
project,1
remap,1
Fast,1
analog,1
maxXMAcodecs,1
\support,\,1
SoundGroup::getMuteFadeSpeed,1
continues,1
System::get3DSpeakerPosition,1
Possible,1
script,1
'in',1
(which,1
Loaded,1
Create(),1
ModDp,1
REF,1
appropriate,1
'numchannels',1
\(blue),\,1
(0.46,1
pan,1
Architecture,1
\middle,\,1
showing,1
Parameter.</b>,1
though,1
Required,1
Good,1
globally,1
CoreAudio,1
\FMOD_DSP_SFXREVERB_REFLECTIONSLEVEL,\,1
compiled,1
CSprite.h,1
(using,1
System::getReverbProperties,1
Geometry::setRotation,1
minutes,1
downloadable,1
considered,1
'dlsname',1
System::close,1
wave),1
FMOD_OPENRAW),1
(SUPPORTED:EAX/PS2(FMOD_PRESET_PS2_ECHO/FMOD_PRESET_PS2_DELAY,1
'Hardware,1
Pack,1
netstreams,1
Minimum,1
\8000hz,\,1
\Level"\\,1
\System::getNumPlugins,\,1
\different,\,1
flush,1
TCP/IP,1
event's,1
real-time,1
0.2,1
overlaps,1
\limiting,\,1
resolved,1
20000,1
better,1
behave,1
slides,1
stick,1
transition,1
(does,1
re-used,1
Enumerate,1
enter,1
\"\ARTIST"\\,1
mp3/xma/adpcm,1
prebuffer,1
loads,1
listen,1
Sound::getUserData,1
\mask,\,1
DecayHFRatio,1
Router,1
lfe,1
overlapping,1
decibels,1
<b>'ConnectionPoint',1
unsupported,1
AAC,1
CSound.h,1
\1000hz,\,1
hits,1
environments,1
multi-speaker,1
\together,\,1
instances)),1
\string,\,1
Ignores,1
world,1
SGE_Audio.cpp,1
mostly,1
ways,1
affected,1
Music,1
DSP's,1
asyncronously,1
animations,1
\halved,\,1
panning/doppler/attenuation,1
FMOD_PS3_EXTRADRIVERDATA,1
DecLF,1
re-use,1
piece,1
4096,1
warbling,1
(0.01168,1
instantaneously,1
CFMOD.h,1
Densty,1
\platform,\,1
Core.h,1
0.33,1
tests,1
Proceed,1
20,1
\group,\,1
SGE.h,1
180.0,1
str/bool,1
(SUPPORTED:EAX/PS2),1
Parametric,1
body,1
Most,1
effectively,1
causing,1
capability,1
\design,\,1
hasn't,1
wavetable/resampler/dspcodec/oscillator,1
complete,1
(SUPPORTED:SFX,1
Just,1
strings,1
duplicates,1
Another,1
fully,1
Linux,1
AIFF,1
FMOD_PRESET_GENERIC;,1
\found,\,1
output),1
FMOD_SPEAKERMODE_SURROUND,1
Channel::setTime,1
\FMOD_OUTPUTTYPE_DSOUND,\,1
buffered,1
Special,1
adpcm,1
DSP::getUserData,1
sizeof(FMOD_ADVANCEDSETTINGS),1
SGE.cpp,1
generated,1
CSpriteRenderer::Get(),1
encountered,1
amplifier,1
tracker,1
resolution,1
remove,1
\types,\,1
normalizes,1
additive,1
finishes,1
focus,1
'compressed,1
time-constant,1
inconsistent,1
Because,1
chain),1
fLower,1
nor,1
FMOD::System::getVersion,1
-5.0,1
outside,1
match,1
Parse,1
'pcmreadcallback',1
Ex's,1
\silence,\,1
storing,1
stretching,1
CResource.cpp,1
\interface,\,1
effective,1
encoding,1
Equivalent,1
repeat,1
movement,1
upload/file,1
Instead,1
MIDI/MOD/S3M/XM/IT,1
\frequency"\)\,1
single-pole,1
\FFT,\,1
instance..,1
CLog::Get(),1
soundsystem,1
normalizer,1
FMOD_CREATESAMPLE),1
'fileoffset',1
file),1
\bandwidth,\,1
leakage,1
15,1
FMOD_INIT_FAIL_ON_MAXSTREAMS,1
recent,1
Pixel,1
+Z,1
resample,1
PC,1
changing,1
rendered,1
bug,1
Early,1
\meaningless,\,1
VST,1
drivers,1
resampler,1
size),1
\thread,\,1
segment,1
granularity,1
Simultaneous,1
playbacks,1
disable,1
Speaker,1
CFont.cpp,1
exhausted,1
denote,1
reason,1
\ELogMessageType_MESSAGE,\,1
(internet,1
ModTm,1
expensive,1
Param,1
sound::readData,1
cyclic,1
fmodwii.h,1
(16bit,1
System::getNumDrivers,1
unless,1
sending,1
fall,1
channels',1
memory</b>,1
R,1
modules,1
non-realtime,1
XM,1
Increasing,1
http://www.dreampoint.co.uk,1
0.54,1
double-byte,1
installed,1
(non,1
\stuttering,\,1
multi-line,1
\termination,\,1
highpass,1
sawdown,1
FMOD_DSP_TYPE_NORMALIZE,1
multiples,1
\"\this"\\,1
essential,1
(2,1
RSX,1
\doubled,\,1
capturing,1
runtime,1
System::set3DSettings,1
datatype,1
Input.h,1
\played,\,1
quotes,1
FMOD_DSP_SFXREVERB_REVERBDELAY,1
FSB/DLS/SF2).</u>,1
\apply,\,1
CResourceManager.cpp,1
called.</b></u>,1
forwards,1
\DSP,\,1
System::get3DListenerAttributes,1
Something,1
\shift,\,1
sounding,1
Density,1
\FMOD_OPENUSER,\,1
increased,1
\360,\,1
streamed,1
are:,1
CAUTION,1
fail',1
fmod.log,1
1999-2003,1
Removed,1
excluding,1
\Channel::setMode,\,1
subsound's,1
SGE_Graphics.h,1
\Usage,\,1
CORE0,1
knows,1
FMOD_OUTPUTTYPE_NOSOUND_NRT,1
patterns,1
closing,1
RAM,1
boundary,1
'Max,1
Initial,1
\exclusively,\,1
FMOD_SPEAKERMODE,1
FMOD_SPEAKER_SIDE_RIGHT),1
FRAME,1
System::getSpectrum,1
FMOD_DSP_TYPE_REVERB,1
inherit,1
note,1
techniques,1
CWireFrame.cpp,1
FALSE),1
Session,1
\address,\,1
swapping,1
(NOTE:,1
represents,1
12,1
improves,1
Palette,1
Polling,1
'extradriverdata',1
flanging,1
getposition,1
fmodlinux.h,1
CDXInput.h,1
'sample',1
PROTOTYPES,1
outputs,1
i.e,1
IFFT's,1
Fasttracker,1
duration,1
(therefore,1
FMOD::Debug_GetLevel,1
Map,1
mod/s3m/xm/it/midi,1
disconnected,1
send,1
CResourceManager::Get(),1
avoided,1
downmixing,1
DMO,1
recording,1
minimize,1
milliseconds),1
reach,1
Full,1
PS3),1
Run,1
FMOD_DEFAULT,1
FMOD_DSP_LOWPASS_SIMPLE,1
fmodex.irx,1
happens,1
\"\TITLE"\,\,1
FMOD_SPEAKERMODE_PROLOGIC,1
shifting,1
CLog.h,1
RestoreDeviceObjects();,1
&,1
Channel::getSpeakerLevels,1
(also,1
CApplication.cpp,1
I.e,1
wraparound,1
ksmedia.h,1
\internally,\,1
First,1
did,1
primary,1
Channel::getMode,1
Cubic,1
FMOD_OUTPUTTYPE_WII,1
Scans,1
\arrangements,\,1
Compiler,1
CFMOD.cpp,1
ReverbPan,1
much,1
Removes,1
Filter,1
void*,1
individually,1
EVENT_INFOONLY,1
replace,1
(during,1
used),1
'smearing',1
<b>Warning!</b>,1
\taps,\,1
\cheaper,\,1
batching,1
sound),1
Base,1
poll,1
\NaN,\,1
calculation,1
0.45,1
arrangement,1
knowledge,1
Force,1
fact,1
spline,1
still,1
0.66,1
sound.</u>,1
INCLUDED_SPLASHSCREEN_H,1
parameterless,1
soundgroup,1
old,1
Unsupported,1
gui,1
1000),1
dot,1
FMOD_DSP_DESCRIPTION,1
2008-2009,1
------------------------------------------------------,1
picked,1
string/value,1
FMOD_LINUX_EXTRADRIVERDATA,1
\input,\,1
implementations,1
SPU,1
decide),1
becomes,1
Should,1
precision,1
FMOD_DSP_LOWPASS,1
1:1,1
hit,1
unspecified,1
bitrates,1
stream/sample,1
FMOD_SOUND_FORMAT_PCM16,1
44100,1
Daemon,1
grant,1
PC),1
minor,1
FMOD_ERR_INVALID_ADDRESS,1
vorbis/asf,1
view,1
CLog.cpp,1
System::createDSPByType,1
major,1
\loadtime,\,1
generating,1
Provides,1
playback),1
22050.0,1
24-47),1
FMOD_CODEC_OPENCALLBACK,1
priority,1
FUNCTION,1
\retrieved,\,1
\mouse,\,1
(freeze),1
\head,\,1
executable,1
delving,1
get/set,1
Ready,1
dependant,1
Tells,1
\sounds,\,1
FMOD_DSP_TYPE_PITCHSHIFT,1
\EAX4,EAX5\,1
destination,1
0.011,1
FMOD_ERR_MEMORY,1
gets,1
FMOD_SPEAKERMODE_QUAD,1
vectors,1
channel's,1
\resource,\,1
Debug.h,1
row,1
fixed,1
\Internally,\,1
Initialize(),1
identifier,1
Destroy(),1
'surround,1
forgot,1
Reached,1
Bank,1
file.</u>,1
360.0,1
moved,1
string/string,1
and/or,1
Mip,1
effects/submixes,1
Shared,1
initialseekposition,1
data?),1
'Room',1
\System::init,\,1
Utility,1
parent's,1
calculated,1
simultaneous,1
AC3,1
FMOD_LOWMEM,1
maybe,1
System::getDriverName,1
(stereo),1
execution,1
exceeds,1
\FMOD_2D,\,1
Sony,1
perpendicular,1
several,1
SF2,1
highest,1
WMA/ASF/WMV),1
XPhysicalAlloc,1
Milliseconds,1
aliasing,1
\Mono,\,1
depending,1
\amplifaction,\,1
Failure,1
positions,1
stuttering,1
successful,1
releases,1
6db,1
Keep,1
Common,1
intersect,1
Distortion,1
\active,\,1
Rolloff,1
\FMOD_CREATESTREAM,\,1
FMOD_DSP_RESAMPLER_LINEAR,1
0.42,1
turned,1
addition,1
FLAGS,1
\1,\,1
denormalized,1
0.01,1
8060hz,1
\"\Unique"\\,1
Debug_GetLevel,1
127.0,1
CFont.h,1
Simply,1
near,1
Find,1
CALL,1
\failed,\,1
continuous,1
id3,1
\FMOD_SOUND_FORMAT_PCM8,\,1
(due,1
maxADPCMcodecs,1
allocating,1
integers,1
FMOD_MEMTYPE,1
Resource.h,1
Interface,1
assign,1
re-flushing,1
\"\music"\\,1
contents,1
across,1
Geometry::setPosition,1
fmodgc.h,1
(helps,1
Restore,1
cost,1
controlling,1
graph,1
Designer,1
Revert,1
enumerating,1
ONCE,1
image,1
protools,1
HFRef,1
(compressed),1
CSplashScreen.h,1
\specifically,\,1
Geometry::getRotation,1
16000hz,1
gamepad,1
Debug_SetLevel,1
necessary,1
(red),1
\locations,\,1
*without*,1
RoomHF,1
Skips,1
scratchpad,1
Abstraction,1
instance(s),1
warnings,1
1024,1
medium,1
accept,1
Buffering,1
graphical,1
Resource,1
\panel,\,1
wet),1
endian,1
remaining,1
360),1
Libraries,1
\dynamic,\,1
seek/read,1
largely,1
\Sound::setMode,\,1
rest,1
blocking,1
5.0,1
Channel::set3DAttributes,1
exceeding,1
GUID,1
server,1
5000.0/,1
However,1
speaking,1
RSX/VRAM,1
callbacks),1
Secondary,1
(SUPPORTED:EAX/PS2(FMOD_PRESET_PS2_ECHO,1
advanced,1
clamp,1
Similar,1
\bitfields,\,1
wideband),1
1st,1
CTexture.h,1
Enums,1
Unique,1
\down,\,1
Nullsoft,1
off',1
\is,\,1
driven,1
\http://www.dspdimension.com,\,1
220.0,1
\runtime,\,1
targeted,1
counting,1
IOP,1
percentage,1
DSP::getNumParameters,1
clipping,1
CDXInput.cpp,1
Prefer,1
Ogg,1
THX,1
amplifying,1
returned),1
LFE,1
easier,1
that's,1
FMOD_64BIT_ADD,1
keep,1
Utility.h,1
\codecs,\,1
\multichannel,\,1
lifetime,1
\str/float,\,1
\info,\,1
meter,1
0.8,1
functionalities,1
\FMOD_LOOP_OFF,\,1
expense,1
CDXGraphics.h,1
positionable,1
Calculated,1
Constant,1
behaviour,1
Persistent,1
stored,1
few,1
Media,1
mono/stereo/quad/surround/5.1,1
Inf,1
auto,1
5000,1
empty,1
System::getOutputHandle,1
n/N),1
->,1
disk.</u>,1
FMOD_SYSTEM_CALLBACKTYPE_DEVICELISTCHANGED,1
box,1
disk),1
Sound::setMode,1
progress,1
(on,1
(processed),1
\PS3,\,1
(thereby,1
making,1
Connecting,1
tapers,1
expanded,1
(win32/Xbox),1
accidentally,1
CFMOD::Get(),1
Neither,1
Channel::getDSPHead),1
FMOD_DSP_TYPE_DISTORTION,1
Raise,1
missing,1
CSpriteRenderer.cpp,1
'RoomHF',1
22/24khz,1
Geometry::getPosition,1
/windows/system32/drivers/gm.dls,1
(towards,1
played.</u>,1
\frequencies,\,1
ramp,1
Null,1
emulates,1
'all',1
straight,1
family,1
Revb,1
Gamepad,1
http://msdn2.microsoft.com/en-us/library/bb172513.aspx,1
rolloffscale,1
(HAL,1
purpose,1
assumes,1
FX,1
sinewave,1
slots,1
FMOD.HPP,1
pcm,1
\FMOD_SOUNDGROUP_BEHAVIOR_MUTE,\,1
received,1
2nd,1
FMOD_WII_INFO,1
concurrently,1
MP2/MP3,1
incurred,1
\"\sound\,1
'SFX,1
(0.5,1
FMOD_INIT_3D_RIGHTHANDED,1
Linear,1
(0.14128,1
\ELogMessageType_WARNING,\,1
ScreamTracker,1
reigstered,1
supporting,1
\mixing,\,1
pairs:,1
they're,1
100000.0,1
\internet,\,1
FMOD_DSP_TYPE_CHORUS,1
FMOD_PS2_EXTRADRIVERDATA,1
Processing,1
\256,\,1
suddenly,1
Jezar,1
\FMOD_TIMEUNIT_SENTENCE_PCM,\,1
Mapped,1
unexpectedly,1
SGE_Input.h,1
greatly,1
One,1
exlusion,1
HRTF's,1
FMOD_DSP_SFXREVERB_REFLECTIONSDELAY,1
executed,1
Device(),1
Channel::getSpectrum,1
execute,1
\required,\,1
clicks,1
SetCursor(NULL);,1
PSP,1
CApplication,1
Opened,1
bsounds),1
profiler,1
FMOD_LOOP_NORMAL,1
UNUSED),1
Record,1
FMOD_SPEAKER_SBL/FMOD_SPEAKER_SBR,1
chooses,1
FLAC,1
Sound::getMode,1
split,1
HTML,1
tooltip,1
COS(3.0,1
0.05,1
(only,1
specifically,1
40.0,1
CORE1,1
(So,1
\"\Dry\,1
string/float,1
meters,1
Unregister,1
let,1
haven't,1
issues,1
string/bool,1
'format',1
ear,1
Geometry::getPolygonVertex,1
\1.5,\,1
exactly,1
Geometry::setPolygonVertex,1
-2602,1
Load/Unload,1
Layer,1
CIniFile::Get(),1
PSP),1
creating/destroying,1
parallel,1
(SUPPORTED:EAX/I3DL2/Xbox1/GC/SFX),1
\mechanism,\,1
FMOD_INIT_VOL0_BECOMES_VIRTUAL,1
HWND,1
Is,1
TRUE),1
Attempts,1
BMP,1
removal,1
(1.0,1
boost,1
\OnInitialize(),\,1
shader,1
440mhz,1
overwritten,1
L,1
Seek,1
detections,1
computationally,1
CWireFrame.h,1
generators,1
cases,1
INCLUDED_DXINPUT_H,1
System::playDSP,1
\defaultfrequency,\,1
\"\create"\\,1
steal,1
Seems,1
FMOD::Debug_SetLevel,1
things,1
su,1
Picks,1
lowest,1
Contact,1
absolute,1
fmodoutput.wav,1
\pausing,\,1
Sound::unlock,1
\off,\,1
part,1
Enlightment,1
buffersize,1
disk,1
FMOD_TIMEUNIT,1
\load,\,1
creates,1
Like,1
Height,1
potential,1
FMOD_DSP_TYPE_LOWPASS,1
Multimedia,1
custom,1
3.0,1
\lost,\,1
7.5,1
\System::getOutput,\,1
bends,1
DPL2,1
differ,1
seeked,1
insert,1
Reflections,1
FMOD_CAPS_HARDWARE_EMULATED,1
FMOD_CAPS,1
came,1
height),1
\callback,\,1
Generate,1
active,1
selection,1
FMOD_OUTPUTTYPE_GC,1
Streams,1
here),1
turn,1
sine/square/saw/triangle,1
referenced,1
2000,1
\vocoder,\,1
fails,1
guaranteed,1
FMOD_DSP_TYPE_HIGHPASS,1
IMA,1
FMOD_SOUND_FORMAT_NONE,1
memory.</u>,1
older,1
created/destroyed,1
Geometry::addPolygon,1
'initialsubsound',1
Octave,1
knowing,1
\zero),\,1
alternating,1
\GUI,\,1
\FMOD_DSP_FFT_WINDOW_RECT,\,1
directional,1
respond,1
(truncated,1
\4000hz,\,1
Random.h,1
\keyboard,\,1
AirAbs,1
-60,1
Setting,1
Also,1
hand,1
FMOD_REVERB_CHANNELFLAGS_ENVIRONMENT0,1
\.IT,\,1
FMOD_DEBUGLEVEL,1
\12,672\,1
modal,1
\accuracy,\,1
0.02,1
multiplies,1
locate,1
\open,\,1
\signal,\,1
rows,1
(SUPPORTED:EAX4/SFX(3,1
\System::getAdvancedSettings,\,1
compromise,1
\PARAMETERS,\,1
Sample,1
particle,1
OpenAL,1
optimal/small,1
terminated),1
fUpper,1
luxury,1
setposition,1
\level,\,1
fmod.h,1
whooshing,1
Roomsize,1
.FSB/.DLS/.SF2,1
Advance,1
accelerated,1
Damp,1
neighbouring,1
100.0),1
distortion,1
cope,1
ASIONumChannels),1
slightly,1
FMOD_TAGDATATYPE,1
RC,1
Mixer,1
CSplashScreen.cpp,1
Emission,1
\mix,\,1
horizontal,1
catch,1
(SUPPORTED:EAX/I3DL2/Xbox1/SFX),1
headers,1
PORTABILITY:,1
.FSB,1
CDDA/DLS/FSB,1
\size,\,1
accessing,1
'container',1
